Book	Chapter	Question Number	Question	Reference Verse	Correct Answer	Answer A	Answer B	Answer C	Answer D	
Act	1	1	In the opening of Acts, to whom does Luke address his account?	1	A	Theophilus	Timothy	Titus	Cornelius	
Act	1	2	In the opening of Acts, Luke says his former book dealt with all that Jesus began to do and to what?	1	D	Heal	Preach	Prophesy	Teach	
Act	1	3	According to the opening of Acts, Luke's first book covered all that Jesus did until what day?	2	D	The day he was crucified	The day of Pentecost	The day he was baptized	The day he was taken up	
Act	1	4	In the opening of Acts, through what did Jesus give commands to the apostles he had chosen?	2	B	Angels	The Holy Spirit	Moses	The prophets	
Act	1	5	In the opening of Acts, Jesus gave commands through the Holy Spirit to whom?	2	A	The apostles whom he had chosen	The seventy disciples	The crowds who followed him	The rulers of the synagogue	
Act	1	6	After his suffering, over what period did the risen Jesus present himself alive to the apostles by many proofs?	3	D	Three days	A long weekend	Fifty days	Forty days	
Act	1	7	During his appearances to the apostles after the resurrection, about what did Jesus speak?	3	C	The destruction of the temple	The law of Moses	The kingdom of God	The end of the age	
Act	1	8	Before his ascension, Jesus ordered the apostles not to depart from which city, but to wait for the promise of the Father?	4	A	Jerusalem	Bethany	Galilee	Nazareth	
Act	1	9	Before he ascended, what did Jesus tell the apostles to wait for in Jerusalem?	4	B	The return of Elijah	The promise of the Father	The rebuilding of the temple	A sign from heaven	
Act	1	10	Which of the following did Jesus tell the apostles shortly before he ascended?	4-5	D	To not depart from Jerusalem	To wait for the promise of the Father	That they would be baptized with the Holy Spirit	All of the above	
Act	1	11	Before his ascension, Jesus said John baptized with water, but the apostles would be baptized with what?	5	C	Fire	Power	The Holy Spirit	Living water	
Act	1	12	When the apostles came together with Jesus just before his ascension, what did they ask him?	6	B	“Lord, when will the temple be rebuilt?”	“Lord, will you at this time restore the kingdom to Israel?”	“Lord, who is the greatest among us?”	“Lord, will you now judge the nations?”	
Act	1	13	When the apostles asked Jesus whether he would restore the kingdom to Israel, how did he answer about the timing?	7	C	“The time is at hand”	“No one knows the day or the hour”	“It is not for you to know times or seasons that the Father has fixed by his own authority”	“Within three days it will come”	
Act	1	14	Just before he ascended, Jesus said the apostles would receive power when what had come upon them?	8	D	An angel of the Lord	Fire from heaven	A great light	The Holy Spirit	
Act	1	15	Just before he ascended, Jesus said the apostles would be his witnesses in Jerusalem, in all Judea and Samaria, and where else?	8	C	Throughout Galilee	In Egypt and Rome	To the end of the earth	Among the Gentiles	
Act	1	16	At Jesus' ascension, what took him out of the apostles' sight as they were looking on?	9	B	A chariot of fire	A cloud	A bright light	An angel	
Act	1	17	As the apostles gazed into heaven at Jesus' ascension, who suddenly stood by them?	10	A	Two men in white robes	Two angels with flaming swords	Moses and Elijah	A great multitude	
Act	1	18	At Jesus' ascension, the two men in white robes asked the apostles, “Why do you stand looking into ___?”	11	B	The clouds	Heaven	The distance	The sky	
Act	1	19	At Jesus' ascension, how did the two men in white robes address the apostles?	11	D	“Men of Israel”	“Men of Judea”	“Brothers”	“Men of Galilee”	
Act	1	20	At Jesus' ascension, what did the two men in white robes say Jesus, who was taken into heaven, would do?	11	B	Send fire upon the nations	Come in the same way as they saw him go into heaven	Return within forty days	Appear again in Galilee	
Act	1	21	After Jesus ascended, from what mount did the apostles return to Jerusalem?	12	B	Mount Sinai	The mount called Olivet	Mount Zion	The Mount of Transfiguration	
Act	1	22	The mount from which the apostles returned to Jerusalem after Jesus' ascension was how far from the city?	12	B	A three-day camel trek	A Sabbath day's journey	About ten miles	A full day's walk	
Act	1	23	After Jesus ascended, to what place in Jerusalem did the apostles go up, where they were staying?	13	D	The temple courts	The house of Mary	The synagogue	The upper room	
Act	1	24	Which of the following were among the apostles staying in the upper room after Jesus' ascension?	13	D	Peter and John	Philip and Thomas	James the son of Alphaeus and Simon the Zealot	All of the above	
Act	1	25	In the list of apostles staying in the upper room after Jesus' ascension, which two are named first?	13	B	James and Andrew	Peter and John	Philip and Thomas	Bartholomew and Matthew	
Act	1	26	Among the apostles listed in the upper room after Jesus' ascension, Simon is given what title?	13	A	The Zealot	The Canaanite	Called Peter	The tanner	
Act	1	27	In the upper room after Jesus' ascension, besides the women, with whom were the apostles devoting themselves to prayer?	14	B	The seventy disciples	Mary the mother of Jesus, and his brothers	The scribes and elders	The disciples of John	
Act	1	28	When Peter stood up among the believers to propose replacing Judas, about how many persons made up the company?	15	A	About 120	About 500	About 3,000	Just Peter and his shadow	
Act	1	29	When Peter proposed choosing a replacement for Judas, he said the Scripture spoken by the Holy Spirit through David concerned whom?	16	B	Pilate	Judas	Caiaphas	Herod	
Act	1	30	As Peter spoke about replacing Judas, what did he say Judas had become to those who arrested Jesus?	16	B	A witness	A guide	A soldier	A betrayer for silver	
Act	1	31	As Peter spoke about Judas, he said Judas had been numbered among the apostles and was allotted his share in what?	17	D	The priesthood	The covenant	The kingdom of God	This ministry	
Act	1	32	In Peter's account of Judas' end, what did Judas acquire with the reward of his wickedness?	18	C	A tomb	A house	A field	Thirty pieces of silver	
Act	1	33	When Judas fell headlong and burst open in the middle, what happened to Judas?	18	A	All his bowels gushed out	He was buried by strangers	He was struck blind	The ground swallowed him	
Act	1	34	What did the inhabitants of Jerusalem call the field connected with Judas, in their own language?	19	D	Golgotha	Gethsemane	Gehenna	Akeldama	
Act	1	35	What does the name “Akeldama,” given to the field connected with Judas, mean?	19	D	Potter's Field	Field of Dreams	Place of the Skull	Field of Blood	
Act	1	36	As Peter spoke about replacing Judas, he quoted the Book of Psalms: “Let another take his ___.”	20	A	Office	Place	Throne	Share	
Act	1	37	As the apostles sought to replace Judas, the man chosen had to have accompanied them beginning from what event?	21-22	B	The birth of Jesus	The baptism of John	The Last Supper	The feeding of the five thousand	
Act	1	38	The man chosen to replace Judas was to become, together with the apostles, a witness of what?	22	D	Jesus' miracles	Jesus' crucifixion	Jesus' teaching	Jesus' resurrection	
Act	1	39	When the apostles sought to replace Judas, which two men did they put forward as candidates?	23	D	Stephen and Philip	Barnabas and Saul	Silas and Nicanor	Joseph called Barsabbas, and Matthias	
Act	1	40	Of the two candidates put forward to replace Judas, Joseph was called Barsabbas and also called what?	23	D	Barnabas	Cephas	Nicanor	Justus	
Act	1	41	In the apostles' prayer to choose between the two candidates to replace Judas, how did they address the Lord?	24	D	“O Lord, God of our fathers”	“Lord, righteous Father”	“Almighty God, Maker of heaven and earth”	“You, Lord, who know the hearts of all”	
Act	1	42	In the apostles' prayer over replacing Judas, they said Judas turned aside from his ministry to go where?	25	B	To the grave	To his own place	To the chief priests	Into the wilderness	
Act	1	43	How did the apostles decide between Joseph and Matthias to replace Judas?	26	D	Peter chose him	The brothers voted	An angel appointed him	They cast lots	
Act	1	44	When the apostles chose a replacement for Judas, on whom did the lot fall, so that he was numbered with the eleven apostles?	26	B	Joseph called Barsabbas	Matthias	Justus	Stephen	
Act	1	45	Which of the following is true about the choosing of Matthias to replace Judas?	23-26	B	The apostles chose him by a show of hands of the whole company of 120.	The lot fell on Matthias, and he was numbered with the eleven apostles.	The two men put forward as candidates were Barnabas and Justus.	All of the above	
Act	2	1	In Acts 2, on what day were the believers all together in one place?	1	A	The day of Pentecost	The Sabbath	The Passover	The Feast of Booths	
Act	2	2	When the day of Pentecost arrived, how are the believers described?	1	A	All together in one place	Scattered throughout Judea	Hidden in the upper room only	Gathered in the temple courts	
Act	2	3	On the day of Pentecost, from where did the sound like a mighty rushing wind come?	2	D	From the temple	From the east	From the mountain	From heaven	
Act	2	4	On the day of Pentecost, the sound that came from heaven was like what?	2	C	A trumpet blast	A peal of thunder	A mighty rushing wind	A ram's horn quartet	
Act	2	5	On the day of Pentecost, the sound like a mighty rushing wind filled what?	2	D	The whole city	The temple courts	The streets of Jerusalem	The entire house where they were sitting	
Act	2	6	On the day of Pentecost, what appeared to the believers and rested on each one of them?	3	B	A bright cloud	Divided tongues as of fire	Rays of light	Doves	
Act	2	7	On the day of Pentecost, with what were the believers all filled?	4	A	The Holy Spirit	Joy	Wisdom	Power	
Act	2	8	On the day of Pentecost, when they were filled with the Holy Spirit, what did the believers begin to do?	4	C	Prophesy about the end	Heal the sick	Speak in other tongues as the Spirit gave them utterance	Sing praises	
Act	2	9	Which of the following accompanied the coming of the Holy Spirit on the day of Pentecost?	2-4	D	A sound like a mighty rushing wind	Divided tongues as of fire	Speaking in other tongues	All of the above	
Act	2	10	Which of the following is true about the events when the day of Pentecost arrived and the believers were all together in one place?	2-4	B	A pillar of fire descended and stood over the house where they were sitting.	There came from heaven a sound like a mighty rushing wind.	The Holy Spirit appeared as a dove resting over each one of them.	All of the above	
Act	2	11	At the time of Pentecost, who were dwelling in Jerusalem?	5	D	Roman soldiers and officials	The scattered tribes of Israel	Only the apostles and their families	Jews, devout men from every nation under heaven	
Act	2	12	On the day of Pentecost, when the multitude came together at the sound, why were they bewildered?	6	B	The house had been filled with fire	Each one was hearing them speak in his own language	The apostles were performing miracles	A darkness had come over the land	
Act	2	13	On the day of Pentecost, hearing their own languages spoken, how did the crowd react?	7	B	They were filled with rage	They were amazed and astonished	They fell down in fear	They fled the city	
Act	2	14	On the day of Pentecost, the amazed crowd asked, “Are not all these who are speaking ___?”	7	C	Judeans	Foreigners	Galileans	Prophets	
Act	2	15	On the day of Pentecost, the crowd marveled that each one heard the believers in his own what?	8	C	Accent	Prophecy	Native language	Song	
Act	2	16	On the day of Pentecost, which of the following groups is listed among those hearing the mighty works of God in their own language?	9-11	D	Parthians, Medes, and Elamites	Residents of Mesopotamia and Judea	Cretans and Arabians	All of the above	
Act	2	17	On the day of Pentecost, what did the crowd hear the believers telling in their own tongues?	11	D	The coming judgment	The law of Moses	The resurrection of Jesus	The mighty works of God	
Act	2	18	On the day of Pentecost, amazed and perplexed, what did the people say to one another?	12	B	“Who can these men be?”	“What does this mean?”	“Let us report this to the priests”	“Is this not the work of God?”	
Act	2	19	On the day of Pentecost, what did the mockers say about those speaking in tongues?	13	B	“They are followers of the Nazarene”	“They are filled with new wine”	“They have been at the strong coffee”	“They are out of their minds”	
Act	2	20	On the day of Pentecost, who stood up with the eleven and lifted up his voice to address the crowd?	14	B	John	Peter	James	Stephen	
Act	2	21	In Peter's Pentecost address, he called the crowd “Men of Judea and all who dwell in ___.”	14	D	Israel	Galilee	Judah	Jerusalem	
Act	2	22	In Peter's Pentecost address, he said the men were not drunk, since it was only what hour of the day?	15	B	The sixth hour	The third hour	Half past lunchtime	The ninth hour	
Act	2	23	In his Pentecost address Peter says the crowd cannot be drunk because it is only the third hour of the day; according to the ESV footnote, what time is that?	15	B	noon	9 a.m.	3 p.m.	6 a.m.	
Act	2	24	In Peter's Pentecost address, he said what the crowd was seeing had been uttered through which prophet?	16	C	Isaiah	Amos	Joel	David	
Act	2	25	In the prophecy of Joel that Peter quoted at Pentecost, God would pour out his Spirit on all flesh in what days?	17	D	The days of trouble	The days of Noah	The appointed days	The last days	
Act	2	26	In the prophecy Peter quoted at Pentecost, God would pour out his Spirit on whom?	17	C	Israel only	The apostles alone	All flesh	The priests and prophets	
Act	2	27	In the prophecy Peter quoted at Pentecost, what would the young men see?	17	B	Dreams	Visions	Angels	Signs	
Act	2	28	In the prophecy Peter quoted at Pentecost, what would the old men do?	17	D	See visions	Prophesy	Keep silent	Dream dreams	
Act	2	29	In the prophecy Peter quoted at Pentecost, on whom else would God pour out his Spirit, so that they would prophesy?	18	B	The kings of the earth	His male servants and female servants	The Levites	The children in the streets	
Act	2	30	In the prophecy Peter quoted at Pentecost, God would show wonders in the heavens above and signs where?	19	C	In the depths of the sea	Among the nations	On the earth below	In the hearts of men	
Act	2	31	In the prophecy Peter quoted at Pentecost, God would show wonders—blood, fire, and what?	19	A	Vapor of smoke	Pillars of cloud	Rushing wind	Hail	
Act	2	32	In the prophecy Peter quoted at Pentecost, the sun would be turned to what before the day of the Lord?	20	C	Blood	Fire	Darkness	Smoke	
Act	2	33	In the prophecy Peter quoted at Pentecost, the moon would be turned to what before the day of the Lord?	20	B	Darkness	Blood	Green cheese	Fire	
Act	2	34	In the prophecy Peter quoted at Pentecost, everyone who does what shall be saved?	21	A	Calls upon the name of the Lord	Believes the prophets	Keeps the law	Repents and fasts	
Act	2	35	In Peter's Pentecost address, by what hometown title did he call Jesus?	22	C	Jesus of Bethlehem	Jesus of Galilee	Jesus of Nazareth	Jesus the Judean	
Act	2	36	In Peter's Pentecost address, he said Jesus was a man attested to them by God with what?	22	D	Great teaching and wisdom	The words of the prophets	Signs from the temple	Mighty works and wonders and signs	
Act	2	37	In Peter's Pentecost address, he said Jesus was delivered up according to what?	23	C	The jealousy of the rulers	The demand of the crowd	The definite plan and foreknowledge of God	The counsel of the elders	
Act	2	38	In Peter's Pentecost address, he said Jesus was crucified and killed by the hands of whom?	23	C	The Romans	The chief priests	Lawless men	Sinners	
Act	2	39	In Peter's Pentecost address, he said God did what to Jesus, loosing the pangs of death?	24	C	Glorified him	Exalted him to the temple	Raised him up	Hid him in a cloud	
Act	2	40	In Peter's Pentecost address, he said it was not possible for Jesus to be held by what?	24	A	Death	The grave	His enemies	The law	
Act	2	41	In Peter's Pentecost address, whom did he quote as saying, “I saw the Lord always before me”?	25	A	David	Isaiah	Moses	Joel	
Act	2	42	In the words of David that Peter quoted at Pentecost, because the Lord was at his right hand, David said he would not be what?	25	C	Afraid	Ashamed	Shaken	Silenced	
Act	2	43	In the words of David that Peter quoted at Pentecost, David said his flesh would dwell in what?	26	A	Hope	Peace	Safety	Gladness	
Act	2	44	In the words of David that Peter quoted at Pentecost, God would not abandon his soul to where?	27	C	The pit	Destruction	Hades	The grave of his fathers	
Act	2	45	In the words of David that Peter quoted at Pentecost, God would not let his Holy One see what?	27	C	Death	Decay	Corruption	The grave	
Act	2	46	In the words of David that Peter quoted at Pentecost, God had made known to David the paths of what?	28	C	Peace	Righteousness	Life	Wisdom	
Act	2	47	In Peter's Pentecost address, what did he say about the tomb of David?	29	A	It is with us to this day	It had been opened	It was empty	It was unknown to them	
Act	2	48	In Peter's Pentecost address, he spoke with confidence about which patriarch, who both died and was buried?	29	C	Abraham	Jacob	David	Moses	
Act	2	49	In Peter's Pentecost address, he said God had sworn with an oath to David to set one of his descendants where?	30	D	In the temple	Over the nations	At his right hand	On his throne	
Act	2	50	In Peter's Pentecost address, he said David foresaw and spoke about the resurrection of whom?	31	A	The Christ	Himself	Elijah	The prophets	
Act	2	51	In Peter's Pentecost address, he declared “This Jesus God raised up,” and of that the apostles are what?	32	B	Heirs	Witnesses	Servants	Judges	
Act	2	52	In Peter's Pentecost address, he said that, exalted at God's right hand, Jesus received from the Father the promise of what, and poured it out?	33	D	The kingdom	Authority over the nations	Eternal life	The Holy Spirit	
Act	2	53	In Peter's Pentecost address, he said that David did not do what?	34	C	See corruption	Rise from the dead	Ascend into the heavens	Sit on the throne	
Act	2	54	Which of the following did Peter say in his Pentecost address to the men of Judea and Jerusalem?	15,34	B	It is the sixth hour, the time appointed for the noon meal.	These people are not drunk, since it is only the third hour of the day.	David himself ascended into the heavens and sits at God's right hand.	All of the above	
Act	2	55	In Peter's Pentecost address, he quoted, “The Lord said to my Lord, Sit at my right hand, until I make your enemies your ___.”	34-35	B	Servants	Footstool	Captives	Dust	
Act	2	56	In Peter's Pentecost address, he told all the house of Israel to know for certain that God has made Jesus both what?	36	D	King and Priest	Lord and Savior	Son and Judge	Lord and Christ	
Act	2	57	When the crowd heard Peter's Pentecost address, how did they respond?	37	C	They mocked him	They drove him out	They were cut to the heart	They fell asleep	
Act	2	58	After being cut to the heart by Peter's Pentecost address, what did the people ask Peter and the apostles?	37	D	“Who has sent you?”	“By what authority do you speak?”	“Where is this Jesus now?”	“Brothers, what shall we do?”	
Act	2	59	In response to the crowd's question at Pentecost, what did Peter tell the people to do?	38	D	Believe and be circumcised	Fast and pray	Confess and offer sacrifice	Repent and be baptized	
Act	2	60	At Pentecost, Peter said the people should be baptized in whose name for the forgiveness of their sins?	38	D	The Father	John	The Lord God	Jesus Christ	
Act	2	61	At Pentecost, what gift did Peter say the people would receive after repenting and being baptized?	38	C	Eternal life	Power from on high	The gift of the Holy Spirit	The kingdom of God	
Act	2	62	In Peter's Pentecost address, he said the promise is for the people, for their children, and for whom?	39	C	The house of Israel	The devout in Jerusalem	All who are far off	The circumcised	
Act	2	63	In Peter's Pentecost address, he said the promise is for everyone whom the Lord our God does what?	39	C	Sets apart	Has chosen	Calls to himself	Loves	
Act	2	64	At the close of Peter's Pentecost address, he exhorted the people to save themselves from what?	40	C	The coming wrath	Their bondage	This crooked generation	The judgment of the law	
Act	2	65	On the day of Pentecost, about how many souls were added when they received Peter's word and were baptized?	41	C	About five thousand	About one thousand	About three thousand	A cozy dozen	
Act	2	66	On the day of Pentecost, what happened to those who received Peter's word?	41	A	They were baptized	They returned home	They kept silent	They were sent away	
Act	2	67	To what did the first believers after Pentecost devote themselves?	42	D	The apostles' teaching and the fellowship	The breaking of bread	The prayers	All of the above	
Act	2	68	Among the first believers after Pentecost, what came upon every soul as many wonders and signs were done through the apostles?	43	A	Awe	Great joy	Fear of the rulers	A spirit of prophecy	
Act	2	69	In the days just after Pentecost, what is said of all who believed?	44	D	They scattered to their own towns	They kept their goods to themselves	They met only in secret	They were together and had all things in common	
Act	2	70	In the days just after Pentecost, what did the believers do with their possessions and belongings?	45	D	They stored them in the temple	They gave them to the priests	They kept them for their families	They sold them and distributed the proceeds to all, as any had need	
Act	2	71	In the days just after Pentecost, where did the believers attend together day by day, breaking bread in their homes?	46	C	The synagogue	The upper room	The temple	Solomon's portico	
Act	2	72	In the days just after Pentecost, the believers received their food with what kind of hearts?	46	D	Anxious and troubled hearts	Grumbling and hungry hearts	Proud and boastful hearts	Glad and generous hearts	
Act	2	73	In the days just after Pentecost, which of the following did the believers do day by day?	46-47	D	Attend the temple together	Break bread in their homes	Praise God	All of the above	
Act	2	74	In the days just after Pentecost, who added to their number day by day those who were being saved?	47	A	The Lord	The apostles	The Jerusalem Chamber of Commerce	The elders	
Act	3	1	Who were going up to the temple at the hour of prayer, the ninth hour?	1	B	Peter and James	Peter and John	Paul and Barnabas	Stephen and Philip	
Act	3	2	At what hour were Peter and John going up to the temple to pray?	1	D	The third hour	The sixth hour	A quarter past teatime	The ninth hour	
Act	3	3	Peter and John went up to the temple at the hour of prayer, the ninth hour; according to the ESV footnote, what time is that?	1	C	9 a.m.	noon	3 p.m.	6 p.m.	
Act	3	4	What was the condition of the man who was carried and laid daily at the temple gate?	2	B	Blind from birth	Lame from birth	Deaf and mute	Struck down by a fever	
Act	3	5	What was the name of the temple gate where the lame man was laid daily to ask alms?	2	C	The Sheep Gate	The Golden Gate	The Beautiful Gate	The Pearly Gate	
Act	3	6	What did the lame man ask of those entering the temple?	2	C	Bread	A blessing	Alms	Water	
Act	3	7	When the lame man saw Peter and John about to go into the temple, what did he ask to receive?	3	C	Healing	A blessing	Alms	Bread	
Act	3	8	Whom did the lame man at the temple see about to go into the temple, prompting him to ask for alms?	3	C	Peter and James	Paul and Barnabas	Peter and John	Philip and Stephen	
Act	3	9	What did Peter say to the lame man as he and John directed their gaze at him?	4	B	Rise and walk.	Look at us.	Peace be with you.	Do not be afraid.	
Act	3	10	As Peter and John spoke, what was the lame man expecting?	5	A	To receive something from them	To be rebuked by them	To be arrested	To be carried away	
Act	3	11	What did Peter say he did not have to give the lame man?	6	C	Bread and wine	Food and shelter	Silver and gold	A place to stay	
Act	3	12	In whose name did Peter command the lame man to rise up and walk?	6	D	The Lord God of Israel	The God of Abraham	The Holy Spirit	Jesus Christ of Nazareth	
Act	3	13	By which hand did Peter take the lame man and raise him up?	7	C	The left hand	Both hands	The right hand	The wrist	
Act	3	14	What parts of the man were immediately made strong when Peter raised him up?	7	A	His feet and ankles	His knees and legs	His hands and arms	His back and shoulders	
Act	3	15	What did the healed man do as he entered the temple with Peter and John?	8	D	Walking	Leaping	Praising God	All of the above	
Act	3	16	Which of the following is true about the healing of the man lame from birth at the temple gate?	1-8	C	Peter gave him silver and gold that the apostles had collected.	The man had been laid daily at the gate called Solomon's Portico.	Peter took him by the right hand and raised him up.	All of the above	
Act	3	17	Who saw the healed man walking and praising God?	9	B	Only the priests	All the people	Peter and John alone	The temple guards	
Act	3	18	What feelings filled the people when they recognized the healed man from the Beautiful Gate?	10	A	Wonder and amazement	Fear and trembling	Anger and jealousy	Doubt and confusion	
Act	3	19	To what portico did the astounded people run together while the healed man clung to Peter and John?	11	C	The portico called Herod's	The Court of the Gentiles	The portico called Solomon's	The Hall of Pillars	
Act	3	20	When Peter addressed the crowd that stared at him after the lame man was healed, how did he begin?	12	A	Men of Israel	Brothers and fathers	Men of Judea	Men of Galilee	
Act	3	21	Peter asked why the people stared at him and John, as though by whose power or piety the man was made to walk?	12	D	God's mercy alone	The temple's holiness	The law of Moses	Their own power or piety	
Act	3	22	Peter said the God of whom glorified his servant Jesus?	13	D	The God of Abraham	The God of Isaac	The God of Jacob	All of the above	
Act	3	23	In whose presence did Peter say the people delivered over and denied Jesus?	13	A	Pilate	Herod	Caiaphas	The Sanhedrin	
Act	3	24	According to Peter, what had Pilate decided to do with Jesus?	13	C	To crucify him	To imprison him	To release him	To flog him	
Act	3	25	Peter said the people denied the Holy and Righteous One and asked for whom to be granted to them instead?	14	D	A thief	A false prophet	A court jester	A murderer	
Act	3	26	By what title did Peter say the people denied Jesus, asking for a murderer instead?	14	C	The Son of Man	The King of the Jews	The Holy and Righteous One	The Lamb of God	
Act	3	27	What title did Peter say the people killed, whom God raised from the dead?	15	D	The Prince of Peace	The Light of the world	The Bread of life	The Author of life	
Act	3	28	Peter said, 'To this we are witnesses,' concerning what act of God?	15	B	That God sent fire from heaven	That God raised Jesus from the dead	That God parted the sea	That God spoke from a cloud	
Act	3	29	What did Peter say gave the healed man perfect health in the presence of all?	16	B	The mercy of the temple priests	The faith that is through Jesus	The strength of his own legs	The offerings of the people	
Act	3	30	Peter told the brothers that they had acted in what way, as did also their rulers?	17	D	In rebellion	In pride	In fear	In ignorance	
Act	3	31	What did God foretell by the mouth of all the prophets and thus fulfill?	18	A	That his Christ would suffer	That his Christ would reign	That his Christ would come quickly	That his kingdom would fall	
Act	3	32	After the healing, Peter called the people to repent and turn back so that what might happen?	19	B	That their enemies may be defeated	That their sins may be blotted out	That the temple may be restored	That their debts may be forgiven	
Act	3	33	Peter said times of refreshing may come from where?	20	B	The mountain of God	The presence of the Lord	The temple in Jerusalem	The throne of David	
Act	3	34	Whom did Peter say God would send, the Christ appointed for the people?	20	B	Elijah	Jesus	Moses	John	
Act	3	35	Peter said heaven must receive Jesus until what time?	21	A	The time for restoring all the things	The day of judgment	The fall of Jerusalem	The end of the age	
Act	3	36	Who said, 'The Lord God will raise up for you a prophet like me from your brothers'?	22	A	Moses	Samuel	Abraham	David	
Act	3	37	According to the words Peter cited, what happens to every soul who does not listen to that prophet?	23	C	Shall be cast out of the temple	Shall be handed over to Rome	Shall be destroyed from the people	Shall be banished to the desert with a single camel	
Act	3	38	Beginning from which prophet did all the prophets who spoke proclaim these days?	24	B	Moses	Samuel	Elijah	Isaiah	
Act	3	39	Peter said the people were sons of the prophets and of what?	25	D	The law that God gave to Moses	The kingdom that God promised David	The temple in which God dwelt	The covenant that God made with their fathers	
Act	3	40	With whom did God make the covenant, saying, 'in your offspring shall all the families of the earth be blessed'?	25	C	Isaac	Jacob	Abraham	Moses	
Act	3	41	What did God say would happen to all the families of the earth through Abraham's offspring?	25	C	They shall be judged	They shall be gathered	They shall be blessed	They shall be scattered	
Act	3	42	Peter said God sent his raised-up servant to the people first to do what?	26	D	To judge them for their sins	To gather them into the temple	To lead them out of bondage	To bless them by turning them from their wickedness	
Act	3	43	Peter told the men of Israel that God, having raised up his servant, sent him to whom first?	26	C	To the Gentiles first	To the rulers first	To them, the people of Israel	To the nations first	
Act	4	1	While the apostles were speaking to the people, who came upon them?	1	D	The priests	The captain of the temple	The Sadducees	All of the above	
Act	4	2	Why were the priests and Sadducees greatly annoyed with the apostles?	2	D	Because they were healing on the Sabbath	Because they refused to pay the temple tax	Because they were disturbing the marketplace	Because they were teaching the people and proclaiming in Jesus the resurrection from the dead	
Act	4	3	The priests and Sadducees were annoyed because the apostles were proclaiming in Jesus what?	2	D	The forgiveness of sins	The coming of the kingdom	The end of the temple	The resurrection from the dead	
Act	4	4	After the priests and Sadducees came upon them, what did they do with the apostles until the next day?	3	D	Sent them home with a warning	Brought them before Herod	Cast them out of the temple	Put them in custody	
Act	4	5	Why were the apostles held until the next day rather than examined at once?	3	B	Because the council had gone home	Because it was already evening	Because the high priest was away	Because it was the Sabbath	
Act	4	6	When many who had heard the word believed, the number of the men came to about how many?	4	C	About three thousand	About two thousand	About five thousand	The entire Roman legion	
Act	4	7	On the next day, who gathered together in Jerusalem to examine the apostles?	5	D	Their rulers	The elders	The scribes	All of the above	
Act	4	8	Who is named as the high priest present at the gathering?	6	A	Annas	Gamaliel	Ananias	Theophilus	
Act	4	9	Along with Annas, Caiaphas, and John, which man was present of the high-priestly family?	6	D	Ananias	Andrew	Aristarchus	Alexander	
Act	4	10	When they had set the apostles in the midst, what did the rulers inquire of them?	7	D	Who gave you this authority?	Where did you learn these things?	What is your name and lineage?	By what power or by what name did you do this?	
Act	4	11	Who, filled with the Holy Spirit, addressed the rulers of the people and elders?	8	B	John	Peter	Stephen	James	
Act	4	12	When Peter addressed the council, he was described as filled with what?	8	B	Great sorrow	The Holy Spirit	Righteous anger	Wisdom and learning	
Act	4	13	Peter said they were being examined concerning a good deed done to whom?	9	B	A blind beggar	A crippled man	A leper	A paralyzed woman	
Act	4	14	By what name did Peter say the man was made well and standing before them?	10	C	The name of the Lord God of Israel	The name of Moses	The name of Jesus Christ of Nazareth	The name of the God of Abraham	
Act	4	15	Peter said the man stood well by the name of Jesus Christ of Nazareth, whom the council had done what?	10	B	Condemned	Crucified	Handed over	Rejected	
Act	4	16	Peter said this man is standing before them well by Jesus, whom God did what?	10	C	Sent from heaven	Anointed with oil	Raised from the dead	Appointed as judge	
Act	4	17	Peter said Jesus is the stone rejected by the builders, which has become what?	11	D	The foundation	The capstone of the temple	A stumbling block	The cornerstone	
Act	4	18	Peter declared that there is salvation in whom?	12	B	The temple alone	No one else	The law of Moses	The prophets of old	
Act	4	19	Peter said there is no other name under heaven given among men by which we must be what?	12	A	Saved	Healed	Judged	Forgiven	
Act	4	20	When the council saw the boldness of Peter and John, what did they perceive them to be?	13	C	Learned scribes	Wealthy merchants	Uneducated, common men	Trained physicians	
Act	4	21	Seeing the boldness of Peter and John, the council recognized that they had been with whom?	13	B	The prophets	Jesus	John the Baptist	Gamaliel	
Act	4	22	Who was standing beside Peter and John, so the council had nothing to say in opposition?	14	D	The high priest's servant	A Roman guard	The captain of the temple	The man who was healed	
Act	4	23	What did the council command Peter and John to do while they conferred with one another?	15	B	To remain silent	To leave the council	To bow before them	To return the next day	
Act	4	24	The council admitted a notable sign had been performed and was evident to whom?	16	B	All the priests	All the inhabitants of Jerusalem	The whole council	The men of Galilee	
Act	4	25	Regarding the notable sign performed through the apostles, what did the council say they could not do?	16	A	Deny it	Explain it	Undo it	Hide it	
Act	4	26	To keep it from spreading further among the people, what did the council decide to do?	17	B	Imprison them for many days	Warn them to speak no more to anyone in this name	Banish them from Jerusalem	Bring them before the Romans	
Act	4	27	When the council charged the apostles, they were told not to speak or teach at all in whose name?	18	B	The Most High	Jesus	The God of Israel	The prophets	
Act	4	28	How did Peter and John respond to the council about listening to men rather than God?	19	B	We will obey God and not man in all things	Whether it is right in the sight of God to listen to you rather than to God, you must judge	Judge for yourselves whether we have done wrong	God has commanded us to remain silent no longer	
Act	4	29	Peter and John told the council they could not but speak of what?	20	D	What the prophets foretold	What God has commanded	What we have received	What we have seen and heard	
Act	4	30	Why did the council find no way to punish the apostles and let them go?	21	A	Because of the people, for all were praising God	Because they feared the Romans	Because the high priest pardoned them	Because they found no fault at all	
Act	4	31	The man on whom this sign of healing was performed was more than how old?	22	A	More than forty years old	More than thirty years old	More than sixty years old	Older than the temple itself	
Act	4	32	Which of the following is true about Peter and John when they were examined before the rulers, elders, and scribes in Jerusalem?	4,13,22	B	The council perceived that they were educated men, trained in the law.	The number of the men who believed came to about five thousand.	The man on whom the sign of healing was performed was less than twenty years old.	All of the above	
Act	4	33	When Peter and John were released, to whom did they go and report what had been said?	23	C	The other apostles only	The elders of Israel	Their friends	The crowd in the temple	
Act	4	34	When the friends heard the report, how did they address God as they lifted their voices?	24	C	Almighty Father	Holy One of Israel	Sovereign Lord	King of kings	
Act	4	35	In their prayer, the believers described God as the one who made what?	24	D	The heaven and the earth	The sea	Everything in them	All of the above	
Act	4	36	Through the mouth of whom did the believers say God spoke by the Holy Spirit?	25	B	Moses the servant of God	Our father David	Isaiah the prophet	Abraham our father	
Act	4	37	The prayer quotes, 'Why did the Gentiles rage, and the peoples' do what?	25	A	Plot in vain	Gather in fear	Turn away	Rise up in anger	
Act	4	38	In the quoted scripture, the kings of the earth and the rulers were gathered together against whom?	26	A	The Lord and against his Anointed	The people of Israel	The servants of God	The prophets and the law	
Act	4	39	The prayer says who were gathered together in the city against God's holy servant Jesus?	27	D	Herod	Pontius Pilate	The Gentiles and the peoples of Israel	All of the above	
Act	4	40	In the prayer, God's holy servant Jesus is described as the one whom God did what?	27	A	Anointed	Sent	Raised	Chose	
Act	4	41	The prayer says Herod and Pilate gathered to do whatever God's hand and plan had done what?	28	A	Predestined to take place	Foretold long ago	Permitted to happen	Commanded to be done	
Act	4	42	The believers asked God to look upon the threats and grant his servants to do what?	29	D	Flee the city in safety	Call down fire from heaven	Be delivered from prison	Continue to speak your word with all boldness	
Act	4	43	In their prayer, they asked God to stretch out his hand to do what?	30	D	Judge	Deliver	Provide	Heal	
Act	4	44	The believers prayed that signs and wonders would be performed through the name of whom?	30	A	Your holy servant Jesus	The prophets of old	The Lord God Almighty	Moses the servant of God	
Act	4	45	When the believers had prayed, what happened to the place where they were gathered?	31	D	It was filled with light	It was filled with smoke	The doors were opened	It was shaken	
Act	4	46	After the place was shaken, with what were the believers all filled?	31	C	Great fear	Tongues of fire	The Holy Spirit	Heavenly wisdom	
Act	4	47	After being filled with the Holy Spirit, the believers continued to speak the word of God with what?	31	D	Tears	Signs	Authority	Boldness	
Act	4	48	The full number of those who believed were of what?	32	D	One mind and purpose	One faith and hope	A well-run committee	One heart and soul	
Act	4	49	What was true of the believers' possessions?	32	B	They gave a tenth to the temple	They had everything in common	They kept their own property	They sold all to the Romans	
Act	4	50	With great power the apostles were giving their testimony to what?	33	A	The resurrection of the Lord Jesus	The coming kingdom of God	The forgiveness of sins	The law and the prophets	
Act	4	51	As the apostles testified with great power, what was upon them all?	33	B	Great fear	Great grace	Great joy	Great applause	
Act	4	52	Why was there not a needy person among the believers?	34	C	The Romans provided for them	The temple gave alms daily	Owners of lands or houses sold them and brought the proceeds	They fasted and shared bread	
Act	4	53	Where were the proceeds laid, and how were they distributed among the believers?	35	A	At the apostles' feet, distributed to each as any had need	In the temple treasury, given to the priests	At the elders' feet, kept in a common purse	Before the council, divided equally	
Act	4	54	Joseph, a Levite of Cyprus, was also called by the apostles what name?	36	A	Barnabas	Justus	Silas	Matthias	
Act	4	55	According to the text, the name Barnabas means what?	36	C	Son of thunder	Son of the prophets	Son of encouragement	Son of Cyprus	
Act	4	56	Joseph, called Barnabas, was a Levite and a native of where?	36	C	Tarsus	Cyrene	Cyprus	The isle of Atlantis	
Act	4	57	What did Barnabas do with a field that belonged to him?	37	C	Gave it to the poor of the city	Kept it for his family	Sold it and brought the money	Dedicated it to the temple	
Act	4	58	After selling his field, where did Barnabas lay the money?	37	A	At the apostles' feet	In the temple treasury	Before the high priest	At the door of the synagogue	
Act	5	1	What was the name of the man who, with his wife Sapphira, sold a piece of property?	1	C	Barnabas	Stephen	Ananias	Nicolaus	
Act	5	2	What was the name of Ananias's wife, who sold a piece of property with him?	1	C	Priscilla	Tabitha	Sapphira	Lydia	
Act	5	3	What did Ananias and Sapphira sell?	1	D	A flock of sheep	A fishing boat	A vineyard in Galilee	A piece of property	
Act	5	4	With whose knowledge did Ananias keep back for himself some of the proceeds?	2	A	His wife's	Peter's	The high priest's	Barnabas's	
Act	5	5	Where did Ananias lay the part of the proceeds that he brought?	2	B	On the temple altar	At the apostles' feet	Before the high priest	At the city gate	
Act	5	6	According to Peter, who had filled Ananias's heart to lie to the Holy Spirit?	3	D	The Sadducees	His wife	The tempter of the wilderness	Satan	
Act	5	7	Peter said Satan had filled Ananias's heart to lie to whom?	3	C	The apostles	The council	The Holy Spirit	Moses	
Act	5	8	Peter told Ananias he had not lied to man but to whom?	4	B	The high priest	God	The council	The prophets	
Act	5	9	What happened to Ananias when he heard Peter's words?	5	B	He tore his garments and fled	He fell down and breathed his last	He was struck blind	He repented and gave the rest	
Act	5	10	What came upon all who heard of what happened to Ananias?	5	B	Great joy	Great fear	Deep sorrow	Confusion	
Act	5	11	Who rose and wrapped up Ananias, carried him out, and buried him?	6	B	The elders	The young men	The chief priests	The apostles	
Act	5	12	About how long after Ananias's death did his wife come in, not knowing what had happened?	7	A	About three hours	About three days	About one hour	A lazy fortnight	
Act	5	13	When Peter asked Sapphira whether they had sold the land for so much, what did she answer?	8	C	No, for far less	I did not know of the sale	Yes, for so much	Ask my husband	
Act	5	14	Peter told Sapphira that she and her husband had agreed together to test what?	9	A	The Spirit of the Lord	The patience of Peter	The law of Moses	The high priest's authority	
Act	5	15	Peter told Sapphira that the feet of those who had buried whom were at the door?	9	A	Her husband	Her father	The high priest	A young man	
Act	5	16	What happened to Sapphira immediately after Peter spoke to her?	10	A	She fell down at his feet and breathed her last	She confessed and was spared	She ran out of the house	She was struck mute	
Act	5	17	Where was Sapphira buried?	10	C	Outside the city gate	In a potter's field	Beside her husband	In Solomon's Portico	
Act	5	18	Which of the following is true about Ananias and Sapphira?	1-10	A	Ananias kept back for himself some of the proceeds of the property.	Sapphira came in within the same hour that her husband had died.	Peter struck Ananias with his staff, and Ananias fell down dead.	All of the above	
Act	5	19	Upon whom did great fear come after the deaths of Ananias and Sapphira?	11	D	Only the apostles	The party of the Sadducees	The Roman soldiers	The whole church	
Act	5	20	By whose hands were many signs and wonders regularly done among the people?	12	A	The apostles	The elders	The prophets	The young men	
Act	5	21	Where were the believers all together, according to this account?	12	C	The upper room	The Beautiful Gate	Solomon's Portico	The local chamber of commerce	
Act	5	22	How did the people regard the believers, even though none of the rest dared join them?	13	B	They mocked them openly	They held them in high esteem	They ignored them	They demanded taxes from them	
Act	5	23	As more than ever believers were added to the Lord, they were multitudes of whom?	14	C	Only the priests	Only Judeans	Both men and women	Mostly children	
Act	5	24	They laid the sick on cots and mats so that as Peter came by, what might fall on some of them?	15	B	His cloak	His shadow	His hands	His pet dove	
Act	5	25	On what did they lay the sick whom they carried out into the streets?	15	A	Cots and mats	Beds of gold	Palm branches	Stone benches	
Act	5	26	The people gathered from the towns around what city, bringing the sick?	16	C	Samaria	Damascus	Jerusalem	Antioch	
Act	5	27	What happened to the sick and those afflicted with unclean spirits who were brought?	16	B	They were sent away	They were all healed	They were baptized only	Half of them recovered	
Act	5	28	To what party did the high priest and all who were with him belong?	17	C	The Pharisees	The Herodians	The Sadducees	The Essenes	
Act	5	29	With what were the high priest and his party filled when they rose up?	17	D	Joy	Fear	Sorrow	Jealousy	
Act	5	30	Where did the high priest's party put the apostles after arresting them?	18	D	The inner dungeon	The temple courtyard	Herod's palace	The public prison	
Act	5	31	Who opened the prison doors during the night and brought the apostles out?	19	D	The captain of the temple	A sympathetic guard	Gamaliel	An angel of the Lord	
Act	5	32	The angel told the apostles to go and stand where, and speak to the people?	20	A	In the temple	In the synagogue	At the city gate	Before the council	
Act	5	33	The angel told the apostles to speak to the people all the words of what?	20	A	This Life	The Law	The new covenant	The kingdom of Rome	
Act	5	34	At what time did the apostles enter the temple and begin to teach?	21	C	Midnight	Noon	Daybreak	The ninth hour	
Act	5	35	Whom did the high priest call together, along with all the senate of the people of Israel?	21	A	The council	The Roman garrison	The elders of Samaria	The scribes of Galilee	
Act	5	36	What did the officers discover when they came to the prison?	22	A	They did not find the apostles there	The apostles were asleep	The apostles were fighting the guards	The guards had fled	
Act	5	37	What did the officers report about the prison?	23	D	It was securely locked	The guards were standing at the doors	No one was found inside	All of the above	
Act	5	38	How did the captain of the temple and the chief priests react when they heard these words?	24	A	They were greatly perplexed	They were overjoyed	They were unconcerned	They were relieved	
Act	5	39	Where were the men who had been put in prison found standing and teaching?	25	A	In the temple	In the marketplace	In the synagogue	At the harbor	
Act	5	40	Why did the captain and officers bring the apostles back without force?	26	B	The governor had forbidden violence	They were afraid of being stoned by the people	It was the Sabbath	The apostles were too many to bind	
Act	5	41	Before whom did they set the apostles so the high priest could question them?	27	B	The Roman tribune	The council	The crowd in the street	The elders of the towns	
Act	5	42	The high priest said the apostles had filled what city with their teaching?	28	A	Jerusalem	Judea	Galilee	Samaria	
Act	5	43	The high priest reminded the apostles that they had been strictly charged not to teach in what?	28	C	The temple courts	The synagogues	This name	This city	
Act	5	44	How did Peter and the apostles answer the high priest about obedience?	29	C	We will obey the council in all things	We answer only to the temple	We must obey God rather than men	Let each obey his own conscience	
Act	5	45	According to Peter, the God of our fathers raised whom?	30	B	Moses	Jesus	Elijah	David	
Act	5	46	Peter said Jesus had been killed by hanging him on what?	30	D	A cross of cedar	A gallows	A very tall ladder	A tree	
Act	5	47	As what did God exalt Jesus at his right hand?	31	C	Prophet and King	Priest and Judge	Leader and Savior	Shepherd and Teacher	
Act	5	48	God exalted Jesus to give repentance to whom, and forgiveness of sins?	31	A	Israel	Rome	The Gentiles	The Samaritans	
Act	5	49	Besides the apostles, who is also a witness to these things?	32	B	The angels	The Holy Spirit	Moses	The prophets	
Act	5	50	How did the council react when they heard the apostles' answer?	33	D	They repented and believed	They released them at once	They were silent and amazed	They were enraged and wanted to kill them	
Act	5	51	What was the name of the Pharisee in the council who stood up and gave orders to put the men outside?	34	D	Nicodemus	Caiaphas	Gallio	Gamaliel	
Act	5	52	Which of these describe Gamaliel, who stood up in the council?	34	D	He was a Pharisee	He was a teacher of the law	He was held in honor by all the people	All of the above	
Act	5	53	How did Gamaliel address the council as he warned them to take care?	35	B	Brothers and fathers	Men of Israel	Men of Judah	Rulers of the people	
Act	5	54	What was the name of the man who, before these days, rose up claiming to be somebody and had about four hundred men join him?	36	C	Judas the Galilean	Barabbas	Theudas	Simon	
Act	5	55	About how many men joined Theudas?	36	D	About three thousand	About seventy	A cozy dozen	About four hundred	
Act	5	56	Who rose up in the days of the census and drew away some of the people after him?	37	D	Theudas	Judas Iscariot	Gamaliel	Judas the Galilean	
Act	5	57	In the days of what did Judas the Galilean rise up?	37	D	The famine	The Passover feast	The drought	The census	
Act	5	58	Gamaliel said that if this plan or undertaking was of man, what would happen to it?	38	D	It will grow	It will endure forever	It will divide Israel	It will fail	
Act	5	59	Gamaliel warned that if the plan was of God, the council might even be found doing what?	39	D	Honoring men	Betraying Rome	Breaking the Sabbath	Opposing God	
Act	5	60	Which of the following is true about Gamaliel's counsel to the council concerning the apostles?	34-39	A	He reminded them that Theudas rose up and about four hundred men joined him.	He was a Sadducee in the council who spoke against the apostles.	He urged the council to put the apostles to death at once.	All of the above	
Act	5	61	Whose advice did the council take concerning the apostles?	40	B	The high priest's	Gamaliel's	The captain of the temple's	Peter's	
Act	5	62	After taking Gamaliel's advice, which of these did the council do to the apostles before letting them go?	40	D	Called in the apostles	Beat them	Charged them not to speak in the name of Jesus	All of the above	
Act	5	63	Why were the apostles rejoicing as they left the presence of the council?	41	D	They had been fully acquitted	They had converted the high priest	They were promised riches	They were counted worthy to suffer dishonor for the name	
Act	5	64	Where did the apostles continue teaching and preaching every day?	42	D	In the synagogues and marketplaces	In Samaria and Galilee	At the annual county fair	In the temple and from house to house	
Act	5	65	What did the apostles not cease teaching and preaching every day?	42	C	That the temple would fall	That the census was unjust	That the Christ is Jesus	That Gamaliel was wise	
Act	6	1	In Acts 6, whose complaint arose against the Hebrews because their widows were being neglected?	1	B	The Samaritans	The Hellenists	The Sadducees	The Ethiopians	
Act	6	2	In Acts 6, in what were the Hellenists' widows being neglected?	1	D	The synagogue prayers	The Passover meal	The temple offerings	The daily distribution	
Act	6	3	In Acts 6 a complaint by the Hellenists arose against the Hebrews. According to the ESV footnote, who were the 'Hellenists'?	1	B	Greek-speaking Gentiles	Greek-speaking Jews	Aramaic-speaking Jews	Roman citizens living in Jerusalem	
Act	6	4	Who summoned the full number of the disciples and said it was not right to give up preaching the word of God?	2	C	The seven	The elders	The twelve	The scribes	
Act	6	5	The twelve said it was not right to give up preaching the word of God in order to do what?	2	B	To collect the temple tax	To serve tables	To guard the gates	To count the offering	
Act	6	6	How many men of good repute were the disciples told to pick out from among themselves?	3	A	Seven	Twelve	Three	Seventy	
Act	6	7	The seven men to be chosen were required to be all of the following:	3	D	Of good repute	Full of the Spirit	Full of wisdom	All of the above	
Act	6	8	Besides prayer, to what did the twelve say they would devote themselves?	4	A	The ministry of the word	The breaking of bread	The care of tables	The keeping of the law	
Act	6	9	Stephen is described as a man full of faith and of what?	5	A	The Holy Spirit	Grace and power	The Spirit and wisdom	Good repute	
Act	6	10	Nicolaus, one of the seven, was a proselyte of what city?	5	C	Cyrene	Alexandria	Antioch	Tarsus	
Act	6	11	Which of these were among the seven men chosen?	5	D	Philip	Prochorus	Timon	All of the above	
Act	6	12	Which of the following is true about the seven men chosen to serve tables in Acts 6?	5	B	Stephen is the one described as a proselyte of Antioch	Nicolaus was a proselyte of Antioch	Twelve men were chosen for the duty of serving tables	All of the above	
Act	6	13	After the seven were set before the apostles, what did the apostles do to them besides pray?	6	C	Anointed them with oil	Handed them the keys to the treasury	Laid their hands on them	Wrapped them in fine linen	
Act	6	14	In Acts 6, a great many of which group became obedient to the faith as the word of God increased?	7	D	The Pharisees	The Roman soldiers	The Sadducees	The priests	
Act	6	15	In the scene where many priests became obedient to the faith, where did the number of the disciples multiply greatly?	7	B	Antioch	Jerusalem	Samaria	Damascus	
Act	6	16	Stephen, doing great wonders and signs among the people, was full of what?	8	D	Faith and the Holy Spirit	The Spirit and wisdom	Joy and peace	Grace and power	
Act	6	17	Those who rose up and disputed with Stephen belonged to the synagogue of whom?	9	A	The Freedmen	The Nazarenes	The Herodians	The Zealots	
Act	6	18	Which of these rose up and disputed with Stephen?	9	D	The Cyrenians	The Alexandrians	Those from Cilicia and Asia	All of the above	
Act	6	19	Those who disputed with Stephen could not withstand what?	10	D	The signs and wonders he performed	The crowds that followed him	The angels that surrounded him	The wisdom and the Spirit with which he was speaking	
Act	6	20	The secretly instigated men claimed to have heard Stephen speak blasphemous words against Moses and whom?	11	A	God	The temple	The prophets	Caesar	
Act	6	21	After they seized Stephen, before whom did they bring him?	12	B	The tribune	The council	Pontius Pilate	King Herod	
Act	6	22	Whom did they stir up against Stephen?	12	D	The people	The elders	The scribes	All of the above	
Act	6	23	The false witnesses claimed Stephen never ceased to speak words against the law and what else?	13	A	This holy place	The Roman governor	The synagogue of the Freedmen	The daily distribution	
Act	6	24	The witnesses said Jesus of Nazareth would change the customs that whom delivered to them?	14	C	Abraham	David	Moses	The prophets	
Act	6	25	As all who sat in the council gazed at Stephen, his face was like the face of what?	15	B	Moses	An angel	A blazing torch	A well-groomed camel	
Act	7	1	Who responded to Stephen with the question, 'Are these things so?'	1	C	The Roman tribune	Pontius Pilate	The high priest	King Herod	
Act	7	2	According to Stephen, where was Abraham when the God of glory appeared to him?	2	D	In Haran	In Egypt	In the land of Canaan	In Mesopotamia	
Act	7	3	How did Stephen begin addressing his audience?	2	D	'Men of Athens.'	'Men of Israel.'	'Friends and countrymen.'	'Brothers and fathers, hear me.'	
Act	7	4	What did God tell Abraham to go out from?	3	D	Egypt and its riches	The city of Solomon	The temple courts	His land and his kindred	
Act	7	5	From what land did Abraham go out before he lived in Haran?	4	B	The land of Midian	The land of the Chaldeans	The land of Canaan	The wilderness of Sinai	
Act	7	6	When did God remove Abraham into the land where Stephen's hearers now lived?	4	B	Before he left Ur	After his father died	When he was forty years old	After the famine ended	
Act	7	7	How much inheritance did God give Abraham in the land?	5	A	None, not even a foot's length	A field and a cave	The whole land of Canaan	A modest timeshare in Haran	
Act	7	8	What did God promise to give Abraham and his offspring, though Abraham had no child?	5	B	A great army	The land as a possession	Seventy-five servants	A house built by Solomon	
Act	7	9	For how long did God say Abraham's offspring would be enslaved and afflicted?	6	A	Four hundred years	Forty years	Seventy years	Four hundred and thirty years	
Act	7	10	In what kind of land did God say Abraham's offspring would be sojourners?	6	A	A land belonging to others	The land of the Chaldeans	The land of Midian	A land flowing with milk and honey	
Act	7	11	What did God say he would do to the nation that Abraham's offspring served?	7	D	Destroy it with fire	Scatter it among the nations	Enslave it in turn	Judge it	
Act	7	12	After coming out, where did God say Abraham's offspring would worship him?	7	C	On Mount Sinai	In the land of Midian	In this place	In the wilderness	
Act	7	13	What covenant did God give Abraham?	8	D	The covenant of the Sabbath	The covenant of salt	The covenant of the law	The covenant of circumcision	
Act	7	14	On which day did Abraham circumcise Isaac?	8	A	The eighth day	The seventh day	The fortieth day	The first day	
Act	7	15	Jacob became the father of how many patriarchs?	8	D	The seventy patriarchs	The seventy-five patriarchs	The two patriarchs	The twelve patriarchs	
Act	7	16	Why did the patriarchs sell Joseph into Egypt?	9	C	They feared his dreams	They needed silver	They were jealous of him	God commanded them	
Act	7	17	Though the patriarchs sold Joseph, who was with him?	9	C	An angel	His father Jacob	God	Pharaoh	
Act	7	18	Before whom did God give Joseph favor and wisdom?	10	B	The king of Babylon	Pharaoh, king of Egypt	The high priest	Herod the king	
Act	7	19	Over what did Pharaoh make Joseph ruler?	10	B	The Red Sea	Egypt and all his household	The land of Midian	The tent of witness	
Act	7	20	The famine came throughout all Egypt and what other land?	11	A	Canaan	Midian	Mesopotamia	The vineyards of Napa Valley	
Act	7	21	What did Jacob hear was in Egypt?	12	B	Gold	Grain	A new king	Kindred	
Act	7	22	On which visit did Joseph make himself known to his brothers?	13	B	The first visit	The second visit	The third visit	The seventh visit	
Act	7	23	How many persons in all did Joseph summon?	14	B	Seventy persons	Seventy-five persons	Twelve persons	Four hundred persons	
Act	7	24	Whom did Joseph send and summon to Egypt?	14	A	Jacob his father and all his kindred	The twelve patriarchs only	Pharaoh and his household	The sons of Hamor	
Act	7	25	Which of the following is true according to Stephen's speech about the patriarchs and Joseph?	9-14	A	The patriarchs, jealous of Joseph, sold him into Egypt	Joseph revealed himself to his brothers on their first visit to Egypt	Jacob and all his kindred numbered fifty-five persons in all	All of the above	
Act	7	26	Where did Jacob go down and die, he and the fathers?	15	A	Egypt	Haran	Canaan	Shechem	
Act	7	27	To what place were the fathers carried back and laid in a tomb?	16	D	Hebron	Bethlehem	Haran	Shechem	
Act	7	28	From whom had Abraham bought the tomb in Shechem?	16	A	The sons of Hamor	The sons of Heth	Pharaoh's household	The sons of Levi	
Act	7	29	With what had Abraham bought the tomb in Shechem?	16	D	A herd of cattle	Thirty pieces of gold	A caravan of prize camels	A sum of silver	
Act	7	30	As the time of the promise drew near, what happened to the people in Egypt?	17	C	They were scattered	They forgot the promise	They increased and multiplied	They built a temple	
Act	7	31	What was true of the new king who arose over Egypt?	18	B	He worshiped the God of Jacob	He did not know Joseph	He was a friend of Moses	He freed the Israelites	
Act	7	32	What did the new king force the fathers to do to their infants?	19	D	Circumcise them	Sell them into slavery	Send them to Canaan	Expose them	
Act	7	33	How did the new king deal with the race of Israel?	19	D	Mercifully	Generously	Fearfully	Shrewdly	
Act	7	34	How is Moses described at the time he was born?	20	B	Mighty in stature	Beautiful in God's sight	Wise beyond his years	Frail and small	
Act	7	35	For how long was the newborn Moses brought up in his father's house?	20	C	Forty days	Three years	Three months	A leisurely nine months	
Act	7	36	Who adopted Moses when he was exposed?	21	C	Pharaoh's wife	An Egyptian priest	Pharaoh's daughter	A daughter of Levi	
Act	7	37	In what was Moses instructed?	22	C	All the law of Moses	The wisdom of the Chaldeans	All the wisdom of the Egyptians	The living oracles of God	
Act	7	38	Moses was mighty in what?	22	D	Signs and wonders	War and peace	Song and dance	His words and deeds	
Act	7	39	How old was Moses when it came into his heart to visit his brothers?	23	A	Forty years old	Thirty years old	Eighty years old	Twenty years old	
Act	7	40	How did Moses avenge the man he saw being wronged?	24	A	By striking down the Egyptian	By calling on the Lord	By summoning the elders	By fleeing with him	
Act	7	41	What did Moses suppose his brothers would understand?	25	A	That God was giving them salvation by his hand	That he was sent by Pharaoh	That the famine would end	That he would be their king	
Act	7	42	On the following day, what were the two men doing when Moses appeared to them?	26	A	Quarreling	Worshiping idols	Building with bricks	Fleeing Egypt	
Act	7	43	What did the man who was wronging his neighbor say to Moses?	27	A	'Who made you a ruler and a judge over us?'	'Are these things so?'	'What must I do to be saved?'	'Do you know the law?'	
Act	7	44	The man asked if Moses wanted to kill him as Moses had killed whom the day before?	28	B	A Midianite	The Egyptian	His neighbor	An Israelite	
Act	7	45	To what land did Moses flee and become an exile?	29	C	The land of the Chaldeans	The wilderness of Sinai	The land of Midian	The land of Canaan	
Act	7	46	How many sons did Moses father in the land of Midian?	29	D	Twelve	Three	Enough to field a soccer team	Two	
Act	7	47	After how many years had passed did an angel appear to Moses in the wilderness?	30	C	Thirty years	Four hundred years	Forty years	Three years	
Act	7	48	In what wilderness did the angel appear to Moses?	30	D	The wilderness of Midian	The wilderness by the Red Sea	The wilderness of Canaan	The wilderness of Mount Sinai	
Act	7	49	In what form did the angel appear to Moses?	30	B	In a pillar of cloud	In a flame of fire in a bush	In a rushing wind	In a puff of purple smoke	
Act	7	50	How did Moses react when he saw the burning bush?	31	C	He was afraid and fled	He fell asleep	He was amazed at the sight	He was enraged	
Act	7	51	When the voice said 'I am the God of your fathers,' whom did it name?	32	D	The God of Abraham	The God of Isaac	The God of Jacob	All of the above	
Act	7	52	How did Moses respond to the voice of the Lord?	32	C	He hid his face in worship	He ran toward the bush	He trembled and did not dare to look	He fell asleep	
Act	7	53	What did the Lord tell Moses to take off?	33	A	The sandals from his feet	His cloak	His crown	His outer garment	
Act	7	54	Why was Moses told to take off his sandals?	33	A	The place where he stood was holy ground	The ground was scorching hot	He was entering a temple	He was standing before a king	
Act	7	55	What did God say he had done concerning his people in Egypt?	34	D	Seen their affliction	Heard their groaning	Come down to deliver them	All of the above	
Act	7	56	From the bush, where did God say he would send Moses?	34	D	To Midian	To Canaan	To Mount Sinai	To Egypt	
Act	7	57	God sent Moses as both ruler and what?	35	B	Judge	Redeemer	Prophet	Priest	
Act	7	58	By whose hand did God send Moses as ruler and redeemer?	35	D	Aaron his brother	Pharaoh's daughter	The elders of Israel	The angel who appeared to him in the bush	
Act	7	59	Where did Moses perform wonders and signs as he led the people out?	36	D	In Egypt	At the Red Sea	In the wilderness	All of the above	
Act	7	60	For how long did Moses lead the people, performing wonders in the wilderness?	36	A	Forty years	Four hundred years	Three months	Seventy years	
Act	7	61	What did Moses say God would raise up for the Israelites from their brothers?	37	C	A king like David	A priest forever	A prophet like me	A ruler and a judge	
Act	7	62	What did Moses receive to give to the people?	38	C	The tent of witness	The covenant of circumcision	Living oracles	The tablets of Solomon	
Act	7	63	How did the fathers respond to Moses?	39	B	They followed him faithfully	They refused to obey and thrust him aside	They made him their king	They put him to death	
Act	7	64	To whom did the people speak, asking for gods to go before them?	40	B	Moses	Aaron	Joshua	Samuel	
Act	7	65	What did the people say they did not know about Moses?	40	C	Where he was born	Who his father was	What had become of him	How old he was	
Act	7	66	What did the people make in those days?	41	A	A calf	A golden throne	A tent of witness	An altar of stone	
Act	7	67	In what were the people rejoicing after making the idol?	41	A	The works of their hands	The wisdom of the Egyptians	Their deliverance from Egypt	An impressive ledger of offerings	
Act	7	68	To worship what did God give the people over?	42	D	The idols of Egypt	The tent of Moloch	The golden calf again	The host of heaven	
Act	7	69	Whose tent did the people take up?	43	C	The tent of witness	The tent of Rephan	The tent of Moloch	The tent of David	
Act	7	70	The star of which god did the people take up?	43	B	Moloch	Rephan	Baal	Dagon	
Act	7	71	Beyond what place did God say he would send them into exile?	43	D	Beyond Egypt	Beyond the Red Sea	Beyond Midian	Beyond Babylon	
Act	7	72	What did the fathers have with them in the wilderness?	44	A	The tent of witness	The ark of Solomon	The temple of God	The tent of Moloch	
Act	7	73	According to what was the tent of witness to be made?	44	A	The pattern that Moses had seen	The wisdom of the Egyptians	The design of Solomon	The vision of David	
Act	7	74	With whom did the fathers bring in the tent when they dispossessed the nations?	45	D	David	Solomon	Aaron	Joshua	
Act	7	75	Until whose days did the tent remain, after the nations were driven out?	45	D	The days of Solomon	The days of Joshua	The days of Samuel	The days of David	
Act	7	76	What did David ask to find for the God of Jacob?	46	B	A golden throne	A dwelling place	A tent of witness	A city of refuge	
Act	7	77	Who built a house for God?	47	D	David	Joshua	A traveling circus troupe	Solomon	
Act	7	78	Where does the Most High not dwell?	48	D	In the tent of witness	In the heavens	In the wilderness	In houses made by hands	
Act	7	79	According to the prophet Stephen quotes, what does the Lord call his throne?	49	A	Heaven	The temple	Mount Sinai	The earth	
Act	7	80	According to the prophet Stephen quotes, what does the Lord call his footstool?	49	B	The sea	The earth	The temple	Zion	
Act	7	81	In the prophet's words that Stephen quotes, what does the Lord say his hand made?	50	B	The temple in Jerusalem	All these things	Only the heavens	Houses made by hands	
Act	7	82	How did Stephen describe his hearers as a people?	51	A	Stiff-necked, uncircumcised in heart and ears	Wise and understanding	Faithful and obedient	Humble and contrite	
Act	7	83	Whom did Stephen say his hearers always resist?	51	D	The prophets	The law	The angels	The Holy Spirit	
Act	7	84	What did Stephen say the fathers did to the prophets?	52	C	Honored them	Ignored them	Persecuted them	Crowned them	
Act	7	85	The fathers killed those who announced beforehand the coming of whom?	52	A	The Righteous One	The Son of Man	The prophet like Moses	The King of Israel	
Act	7	86	What did Stephen accuse his hearers of doing to the Righteous One?	52	D	Denying and mocking him	Selling and exiling him	Ignoring and forgetting him	Betraying and murdering him	
Act	7	87	How did Stephen say his hearers had received the law?	53	C	As written by Moses	As spoken by prophets	As delivered by angels	As given at the temple	
Act	7	88	How did the council react when they heard Stephen's words?	54	D	They repented and wept	They fell silent and departed	They believed and were baptized	They were enraged and ground their teeth at him	
Act	7	89	What did Stephen, full of the Holy Spirit, see as he gazed into heaven?	55	C	A flame of fire in a bush	The host of heaven	The glory of God, and Jesus standing at the right hand of God	The tent of witness	
Act	7	90	Whom did Stephen say he saw standing at the right hand of God?	56	A	The Son of Man	The Righteous One	An angel of the Lord	Moses the lawgiver	
Act	7	91	What did the crowd do when Stephen said he saw the Son of Man?	57	C	Tore their garments and fled	Fell silent and departed	Cried out, stopped their ears, and rushed together at him	Bowed down in fear	
Act	7	92	Where did they take Stephen to stone him?	58	C	To the temple	Into the wilderness	Out of the city	To the Red Sea	
Act	7	93	At whose feet did the witnesses lay down their garments?	58	D	The high priest	Gamaliel	Pharaoh's daughter	A young man named Saul	
Act	7	94	What did Stephen call out as they were stoning him?	59	B	'Father, forgive them.'	'Lord Jesus, receive my spirit.'	'Into your hands I commit my spirit.'	'My God, why have you forsaken me?'	
Act	7	95	What did Stephen cry with a loud voice as he fell to his knees?	60	D	'Lord, remember me.'	'Lord, judge these men.'	'Lord, save your people.'	'Lord, do not hold this sin against them.'	
Act	7	96	What happened to Stephen after he prayed for his killers?	60	A	He fell asleep	He was healed	He rose up and fled	He was carried away by an angel	
Act	7	97	Which of the following is true about Stephen at his stoning?	55-60	A	He saw the glory of God and Jesus standing at the right hand of God	He saw the Son of Man seated at the right hand of God	He asked the Lord to hold this sin against those stoning him	All of the above	
Act	8	1	According to Acts 8, Saul approved of the execution of which man who had been stoned?	1	B	Peter	Stephen	Philip	John	
Act	8	2	When the great persecution arose in Jerusalem, throughout which regions were the believers scattered?	1	C	Galilee and Syria	Egypt and Libya	Judea and Samaria	Macedonia and Achaia	
Act	8	3	When the church in Jerusalem was scattered by the great persecution, who remained behind and were not scattered?	1	A	The apostles	The deacons	The elders	The scribes	
Act	8	4	Who buried Stephen and made great lamentation over him?	2	C	The apostles	Roman soldiers	Devout men	The high priests	
Act	8	5	According to Acts 8, who was ravaging the church, entering house after house?	3	C	Simon	Herod	Saul	Caiaphas	
Act	8	6	Where did Saul commit those he dragged off from house after house?	3	D	To the temple	To the wilderness	To the council	To prison	
Act	8	7	What did those who were scattered by the persecution go about doing?	4	C	Building synagogues	Collecting an offering	Preaching the word	Hiding in caves	
Act	8	8	What did Philip proclaim to the people when he went down to the city of Samaria?	5	C	The law of Moses	The kingdom of Caesar	The Christ	The end of the age	
Act	8	9	To which city did Philip go down and proclaim the Christ, sparking much joy?	5	D	Gaza	Jericho	The local seaside resort	Samaria	
Act	8	10	How did the crowds in Samaria pay attention to what was being said by Philip?	6	B	With great reluctance	With one accord	In secret	With loud mocking	
Act	8	11	In Samaria, what came out of many who had them, crying out with a loud voice?	7	B	Fever and disease	Unclean spirits	Blindness	Deafness	
Act	8	12	Which of the following did the crowds in Samaria witness in Philip's ministry there?	6-7	D	Signs that Philip did	Unclean spirits coming out of many	Paralyzed or lame people being healed	All of the above	
Act	8	13	What was there in the city of Samaria as a result of Philip's ministry there?	8	C	Much mourning	Much confusion	Much joy	Much fear	
Act	8	14	What was the name of the man in Samaria who had previously practiced magic and amazed the people?	9	A	Simon	Bar-Jesus	Sceva	Demetrius	
Act	8	15	What did Simon the magician say about himself in Samaria?	9	A	That he himself was somebody great	That he was a prophet of Moses	That he was the least of all	That he was a servant of Caesar	
Act	8	16	What had Simon amazed the people of Samaria with for a long time?	9	A	His magic	His singing	His cooking	A traveling circus	
Act	8	17	What did the people of Samaria say about Simon, from the least to the greatest?	10	B	This man is a prophet like Elijah	This man is the power of God that is called Great	This man is the son of David	This man is an angel from heaven	
Act	8	18	Why had the people of Samaria long paid attention to Simon?	11	D	Because he had made them wealthy	Because he had healed their king	Because he had built their temple	Because for a long time he had amazed them with his magic	
Act	8	19	When they believed Philip's preaching in Samaria, about what did he preach good news, along with the name of Jesus Christ?	12	C	The temple of Jerusalem	The throne of David	The kingdom of God	The end of the world	
Act	8	20	According to Acts 8, who himself also believed and, after being baptized, continued with Philip?	13	D	Cornelius	Barnabas	The Ethiopian eunuch	Simon	
Act	8	21	When the apostles at Jerusalem heard that Samaria had received the word of God, whom did they send?	14	D	Barnabas and Saul	Paul and Silas	James and Andrew	Peter and John	
Act	8	22	When Peter and John came down to Samaria, what did they pray that the believers there might receive?	15	C	Wisdom and riches	Healing from sickness	The Holy Spirit	Deliverance from prison	
Act	8	23	Before Peter and John prayed, in whose name had the Samaritan believers only been baptized?	16	D	John the Baptist	Moses	Philip	The Lord Jesus	
Act	8	24	Concerning the Samaritan believers before Peter and John prayed, what had the Holy Spirit not yet done?	16	D	Departed from any of them	Spoken through any of them	Appeared to any of them	Fallen on any of them	
Act	8	25	How did the Samaritan believers receive the Holy Spirit when Peter and John came?	17	D	They were baptized again	They fasted for seven days	They offered a sacrifice	The apostles laid their hands on them	
Act	8	26	When Simon saw the Spirit given through the apostles' hands, what did he offer Peter and John?	18	D	A goat	A basket of figs	A lifetime supply of magic tricks	Money	
Act	8	27	What power did Simon ask Peter and John to give him?	19	A	That anyone on whom he laid his hands might receive the Holy Spirit	That he might raise the dead	That he might command the wind and sea	That he might speak in every tongue	
Act	8	28	What did Peter say should perish with Simon because he thought he could obtain the gift of God with money?	20	A	His silver	His magic	His chariot	His collection of magic wands	
Act	8	29	What did Peter tell Simon he had neither part nor lot in?	21	A	This matter	The kingdom of Caesar	The temple treasury	The land of promise	
Act	8	30	According to Peter, why did Simon have neither part nor lot in this matter?	21	C	Because he had not been baptized	Because he was not a Jew	Because his heart was not right before God	Because he had never seen the apostles	
Act	8	31	What did Peter command Simon to repent of?	22	B	This ignorance of yours	This wickedness of yours	This poverty of yours	This journey of yours	
Act	8	32	Peter told Simon that he saw him to be in the gall of bitterness and in what else?	23	A	The bond of iniquity	The chains of Rome	The pit of despair	The shadow of death	
Act	8	33	In rebuking Simon, which of the following did Peter say to him?	20-23	D	Your heart is not right before God	You have neither part nor lot in this matter	You are in the gall of bitterness	All of the above	
Act	8	34	Peter warned Simon that he was 'in the gall of bitterness.' According to the ESV footnote, what is 'gall'?	23	B	A bitter herb eaten at Passover	A bitter fluid secreted by the liver; bile	A poison drawn from a serpent's fang	Sour wine mixed with myrrh	
Act	8	35	How did Simon answer Peter after being rebuked?	24	D	He cursed Peter and departed	He offered even more money	He fell down dead	He asked Peter to pray to the Lord that none of what was said would come upon him	
Act	8	36	Which of the following is true about Simon in Samaria?	9-24	B	He refused to be baptized after Philip preached the good news	He had previously practiced magic and amazed the people of Samaria	Peter blessed his silver and granted his request for the power	All of the above	
Act	8	37	After Peter and John had testified and spoken the word of the Lord in Samaria, to what city did they return?	25	A	Jerusalem	Antioch	Caesarea	Damascus	
Act	8	38	Who directed Philip to rise and go toward the south to the road that goes down from Jerusalem to Gaza?	26	A	An angel of the Lord	Peter	The Spirit through a vision	A voice from the temple	
Act	8	39	The angel told Philip to go to the road that goes down from Jerusalem to which city?	26	C	Jericho	Joppa	Gaza	Damascus	
Act	8	40	How does Acts 8 describe the road that goes down from Jerusalem to Gaza?	26	C	This is a busy highway	This is a mountain pass	This is a desert place	This is a coastal path	
Act	8	41	What official from Ethiopia did Philip meet on the road, a court official of Candace?	27	A	A eunuch	A centurion	A tax collector	A scribe	
Act	8	42	Candace, whom the Ethiopian eunuch served, held what position?	27	D	Queen of Sheba	Empress of Rome	Priestess of Egypt	Queen of the Ethiopians	
Act	8	43	For what purpose had the Ethiopian eunuch come to Jerusalem?	27	B	To trade for goods	To worship	To collect taxes	To visit the queen	
Act	8	44	As the Ethiopian eunuch was returning, seated in his chariot, which prophet was he reading?	28	D	Jeremiah	Ezekiel	Daniel	Isaiah	
Act	8	45	Which of the following describes the Ethiopian official Philip met on the road?	27-28	D	A court official of Candace	In charge of all her treasure	Reading the prophet Isaiah	All of the above	
Act	8	46	In what was the Ethiopian eunuch seated as he read the prophet Isaiah?	28	A	His chariot	A rowboat	A three-day camel caravan	A borrowed donkey	
Act	8	47	Which of the following is true about the Ethiopian eunuch Philip met on the road?	27-28	C	He was reading the prophet Jeremiah in his chariot	He was traveling toward Jerusalem to worship for the first time	He was a court official of Candace, queen of the Ethiopians, in charge of all her treasure	All of the above	
Act	8	48	Who told Philip to go over and join the eunuch's chariot?	29	C	An angel of the Lord	Peter	The Spirit	A voice from heaven	
Act	8	49	What question did Philip ask the Ethiopian eunuch upon hearing him read Isaiah?	30	D	Where are you traveling from?	Who has sent you here?	Will you give me your treasure?	Do you understand what you are reading?	
Act	8	50	How did the Ethiopian eunuch reply when Philip asked if he understood what he was reading?	31	B	I understand it perfectly well	How can I, unless someone guides me?	Leave me, for I read alone	Why do you trouble me?	
Act	8	51	What did the eunuch invite Philip to do after Philip approached his chariot?	31	D	To lead his horses	To carry his scroll	To ride ahead of him	To come up and sit with him	
Act	8	52	In the passage the eunuch was reading, to what was the one led to the slaughter compared as it was silent before its shearer?	32	A	A lamb	A goat	A dove	An ox	
Act	8	53	According to the Scripture passage the eunuch read, like what was he led to the slaughter?	32	D	Like a bull	Like a ram	Like a calf	Like a sheep	
Act	8	54	According to the Scripture the eunuch was reading, in his humiliation what was denied him?	33	D	Mercy	A burial	A voice	Justice	
Act	8	55	What did the eunuch ask Philip about the prophet's words?	34	C	When these things would come to pass	Where the prophet had written these words	About whom the prophet says this, about himself or about someone else	Why the prophet had been silent	
Act	8	56	Beginning with the Scripture the eunuch was reading, about whom did Philip tell him the good news?	35	D	Moses	Elijah	John the Baptist	Jesus	
Act	8	57	As Philip and the eunuch were going along the road, what did they come to that prompted the eunuch's request to be baptized?	36	D	A synagogue	A great crowd	A city gate	Some water	
Act	8	58	What did the Ethiopian eunuch ask upon seeing water along the road?	36	B	Where does this water lead?	What prevents me from being baptized?	May I drink from this water?	Who else has been baptized here?	
Act	8	59	According to a verse that some manuscripts add after Acts 8:36, what did Philip say the eunuch must do to be baptized?	36-37	C	Confess his sins before the Lord	Be circumcised first	Believe with all his heart	Fast for three days	
Act	8	60	According to a verse that some manuscripts add after Acts 8:36, what did the eunuch reply that he believed?	36-37	D	That Jesus Christ is the Lamb of God	That Jesus of Nazareth is the King of Israel	That Jesus Christ is Lord of all	That Jesus Christ is the Son of God	
Act	8	61	When the eunuch wished to be baptized, what did he command?	38	B	His servants to draw water	The chariot to stop	The horses to be watered	A tent to be pitched	
Act	8	62	Who went down into the water together at the eunuch's baptism?	38	C	Peter and the eunuch	Philip and Simon	Philip and the eunuch	John and the eunuch	
Act	8	63	When Philip and the eunuch came up out of the water, what happened to Philip?	39	D	He fell asleep in the chariot	He returned on foot to Jerusalem	He was struck blind	The Spirit of the Lord carried him away	
Act	8	64	After his baptism, in what state did the Ethiopian eunuch go on his way?	39	D	Fearing	Mourning	Doubting	Rejoicing	
Act	8	65	At what place did Philip find himself after the Spirit carried him away from the eunuch?	40	D	Gaza	Joppa	a quiet tropical island	Azotus	
Act	8	66	To what city did Philip come as he preached the gospel to all the towns from Azotus?	40	D	Jerusalem	Damascus	Tarsus	Caesarea	
Act	9	1	As Acts 9 opens, Saul was breathing threats and murder against whom?	1	B	The Gentiles at Antioch	The disciples of the Lord	The Samaritans	The Roman soldiers	
Act	9	2	To whom did Saul go to obtain his authority against the Way?	1	B	The Roman tribune	The high priest	King Herod	Pontius Pilate	
Act	9	3	Saul asked for letters to the synagogues at which city?	2	D	Antioch	Caesarea	Joppa	Damascus	
Act	9	4	In Acts 9, the followers Saul sought to arrest are described as belonging to what?	2	A	The Way	The Path	The Truth	The Light	
Act	9	5	As Saul approached Damascus, what suddenly shone around him?	3	A	A light from heaven	A pillar of fire	A rushing wind	A blazing angel	
Act	9	6	Falling to the ground on the road to Damascus, Saul heard a voice ask, 'Saul, Saul, why are you' doing what?	4	B	Denying me	Persecuting me	Fleeing me	Testing me	
Act	9	7	When Saul asked, 'Who are you, Lord?', how did the voice identify himself?	5	A	I am Jesus, whom you are persecuting	I am the Lord's angel	I am Moses the lawgiver	I am Elijah the prophet	
Act	9	8	After identifying himself to Saul on the road, what did the Lord command Saul to do?	6	A	Rise and enter the city	Return to the high priest	Wash in the river Jordan	Go back to Jerusalem at once	
Act	9	9	The Lord told Saul that once he entered the city, he would be told what?	6	C	Where the disciples were hiding	How long he would be blind	What he was to do	The name of his enemy	
Act	9	10	How did the men traveling with Saul react as they stood there?	7	D	They rejoiced aloud	They fled in terror	They fell down worshiping	They stood speechless	
Act	9	11	What did the men traveling with Saul experience of the voice and the speaker?	7	B	Seeing the light but hearing nothing	Hearing the voice but seeing no one	Both hearing and seeing Jesus	Neither hearing nor seeing anything	
Act	9	12	When Saul rose from the ground, though his eyes were opened, what could he see?	8	B	Only shadows	Nothing	A blinding light	The face of Jesus	
Act	9	13	How was the blinded Saul brought into Damascus?	8	C	They carried him on a stretcher	They set him on a donkey	They led him by the hand	They lowered him in a basket	
Act	9	14	For how long was Saul without sight after the road to Damascus?	9	A	Three days	Seven days	Forty days	A cozy dozen days	
Act	9	15	During his three days without sight, what did Saul do regarding food and drink?	9	A	He neither ate nor drank	He drank only water	He fasted from bread alone	He ate honey each morning	
Act	9	16	Which of the following is true about Saul on the road to Damascus?	7-9	C	The men traveling with him saw the light but heard no voice	He was struck deaf for three days after the light shone	For three days he was without sight and neither ate nor drank	All of the above	
Act	9	17	What was the name of the disciple at Damascus whom the Lord sent to Saul?	10	B	Barnabas	Ananias	Judas	Stephen	
Act	9	18	By what means did the Lord speak to Ananias the disciple at Damascus?	10	C	Through a dream	By a rushing wind	In a vision	Through an earthquake	
Act	9	19	To which street did the Lord tell Ananias to go?	11	C	The street called Narrow	The street called Golden	The street called Straight	The street called Crooked	
Act	9	20	At whose house was Saul staying when the Lord directed Ananias to him?	11	D	Simon	Ananias	Cornelius	Judas	
Act	9	21	Saul is identified in the Lord's instruction to Ananias as a man of what city?	11	B	Damascus	Tarsus	Jerusalem	Antioch	
Act	9	22	In Saul's own vision, what did the man named Ananias do so that Saul might regain his sight?	12	C	Anoint his eyes with oil	Wash his eyes with water	Lay his hands on him	Breathe upon his face	
Act	9	23	When Ananias objected, of doing much evil to whom did he say he had heard about Saul?	13	A	Your saints at Jerusalem	Your disciples at Damascus	The Gentiles and kings	The widows of Joppa	
Act	9	24	According to Ananias, from whom did Saul have authority to bind all who call on the name?	14	A	The chief priests	The elders	The scribes	The Pharisees	
Act	9	25	What did the Lord call Saul when telling Ananias to go?	15	C	A faithful vessel	A humble servant	A chosen instrument	A mighty prophet	
Act	9	26	The Lord said Saul would carry his name before which groups?	15	D	The Gentiles	Kings	The children of Israel	All of the above	
Act	9	27	What did the Lord say he would show Saul concerning the sake of his name?	16	B	How far he must travel	How much he must suffer	How much he must rejoice	How long he must wait	
Act	9	28	How did Ananias address Saul when he laid his hands on him?	17	A	Brother Saul	Friend Saul	Son Saul	Teacher Saul	
Act	9	29	Ananias said Saul would regain his sight and be filled with what?	17	A	The Holy Spirit	Great wisdom	The fear of the Lord	Joy and gladness	
Act	9	30	When Saul regained his sight, what fell from his eyes?	18	A	Something like scales	A gray mist	A dark veil	Streams of tears	
Act	9	31	After regaining his sight, what did Saul immediately do?	18	A	He rose and was baptized	He returned to Jerusalem	He preached in the temple	He fasted for three days	
Act	9	32	After Saul rose and was baptized, what happened when he took food?	19	A	He was strengthened	He gave thanks aloud	He fell asleep at once	He began to weep	
Act	9	33	For some days after his baptism, with whom was Saul at Damascus?	19	A	The disciples	The apostles at Jerusalem	The saints at Lydda	The widows at Joppa	
Act	9	34	Where did Saul immediately proclaim Jesus at Damascus?	20	D	In the temple courts	In the marketplace	On the city walls	In the synagogues	
Act	9	35	When Saul proclaimed Jesus in the synagogues at Damascus, what did he say about him?	20	A	He is the Son of God	He is the Lamb of God	He is the King of Israel	He is the promised Prophet	
Act	9	36	How did all who heard Saul proclaiming Jesus react?	21	B	They were enraged	They were amazed	They were sorrowful	They were unmoved	
Act	9	37	Saul confounded the Jews who lived in Damascus by proving what?	22	A	That Jesus was the Christ	That Jesus rose from the dead	That Jesus was the Son of David	That the law was fulfilled	
Act	9	38	When many days had passed at Damascus, what did the Jews plot to do to Saul?	23	B	To imprison him	To kill him	To banish him	To silence him	
Act	9	39	To carry out their plot against Saul at Damascus, what were the Jews watching day and night?	24	C	The temple	The synagogue	The gates	The house of Judas	
Act	9	40	How did Saul's disciples let him down through an opening in the wall of Damascus?	25	D	Lowering him on a rope ladder	Carrying him in a cart	Riding him out on a chariot	Lowering him in a basket	
Act	9	41	When Saul came to Jerusalem, whom did he attempt to join?	26	A	The disciples	The apostles alone	The Hellenists	The chief priests	
Act	9	42	Why were they all afraid of Saul at Jerusalem?	26	A	They did not believe that he was a disciple	They had heard he was dead	They feared the Roman soldiers	They thought he was a spy from Rome	
Act	9	43	Who took Saul and brought him to the apostles at Jerusalem?	27	A	Barnabas	Peter	Ananias	Stephen	
Act	9	44	Barnabas declared how at Damascus Saul had preached boldly in whose name?	27	A	The name of Jesus	The name of the Lord God	The name of the high priest	The name of Moses	
Act	9	45	After Barnabas brought him to the apostles, how did Saul move about at Jerusalem?	28	B	He stayed shut inside a house	He went in and out among them	He fled the city by night	He hid among the Hellenists	
Act	9	46	As he went in and out among them at Jerusalem, in whose name did Saul preach boldly?	28	B	The name of the high priest	The name of the Lord	The name of Moses	The name of Caesar	
Act	9	47	At Jerusalem, against whom did Saul speak and dispute?	29	C	The Pharisees	The Sadducees	The Hellenists	The Samaritans	
Act	9	48	How did the Hellenists at Jerusalem respond to Saul's disputing?	29	C	They believed and were baptized	They drove him from the temple	They were seeking to kill him	They dragged him before the council	
Act	9	49	In Acts 9 Saul spoke and disputed against the Hellenists. According to the ESV footnote, who were the 'Hellenists'?	29	B	Greek philosophers	Greek-speaking Jews	Hellenized Roman soldiers	Samaritan converts	
Act	9	50	When the brothers learned of the plot, to which city did they bring Saul down?	30	C	Joppa	Lydda	Caesarea	Antioch	
Act	9	51	From Caesarea, to which city did the brothers send Saul off?	30	A	Tarsus	Damascus	Jerusalem	Joppa	
Act	9	52	After Saul was sent away, what did the church throughout Judea, Galilee, and Samaria have?	31	A	Peace	Persecution	Famine	Division	
Act	9	53	The church that had peace and was being built up extended throughout which regions?	31	D	Judea	Galilee	Samaria	All of the above	
Act	9	54	The church walked in the fear of the Lord and in the comfort of whom?	31	A	The Holy Spirit	The apostles	The Lord Jesus	The prophets	
Act	9	55	As Peter went here and there, to which town did he come down to the saints who lived there?	32	C	Joppa	Sharon	Lydda	Caesarea	
Act	9	56	Whom did Peter find at Lydda?	33	A	Aeneas	Tabitha	Cornelius	Simon	
Act	9	57	For how long had Aeneas been bedridden?	33	B	Twelve years	Eight years	Thirty-eight years	A cozy dozen years	
Act	9	58	Peter told Aeneas, 'Jesus Christ heals you'; what else did he command?	34	C	Rise and take up your mat	Rise and walk with me	Rise and make your bed	Rise and go in peace	
Act	9	59	When they saw the healed Aeneas, the residents of Lydda and Sharon did what?	35	A	They turned to the Lord	They were filled with fear	They brought gifts to Peter	They kept it a secret	
Act	9	60	In Joppa there was a disciple named Tabitha, which, translated, means what?	36	D	Lydia	Priscilla	Martha	Dorcas	
Act	9	61	How is Tabitha of Joppa described?	36	A	Full of good works and acts of charity	A seller of purple goods	A prophetess of great age	A servant of the high priest	
Act	9	62	In Joppa there was a disciple named Tabitha, which is translated Dorcas. According to the ESV footnote, what do both names mean?	36	A	Gazelle	Dove	Lily	Lamb	
Act	9	63	After Tabitha died and was washed, where did they lay her?	37	B	In a tomb	In an upper room	In the synagogue	In a garden	
Act	9	64	How many men did the disciples send to urge Peter to come from Lydda to Joppa?	38	C	Three men	Seven men	Two men	A whole caravan	
Act	9	65	According to Acts 9, Lydda was near which town?	38	C	Sharon	Caesarea	Joppa	Damascus	
Act	9	66	When Peter arrived at the upper room in Joppa, who stood beside him weeping?	39	B	The apostles	All the widows	The elders of the city	The orphans of Joppa	
Act	9	67	What did the widows show Peter that Dorcas had made while she was with them?	39	B	Loaves of bread	Tunics and other garments	Baskets and nets	Jars of oil	
Act	9	68	The widows showed the tunics that Dorcas had made. According to the ESV footnote, the Greek word 'chiton' refers to what kind of garment?	39	A	A long garment worn under the cloak next to the skin	A heavy outer cloak for traveling	A priestly robe woven of linen	A short soldier's cape	
Act	9	69	After putting them all outside, what did Peter do before turning to the body of Tabitha?	40	B	He anointed her with oil	He knelt down and prayed	He read from the Scriptures	He lifted his hands and sang	
Act	9	70	What did Peter say when he turned to the body in the upper room at Joppa?	40	B	Dorcas, rise up	Tabitha, arise	Little girl, get up	Woman, be made well	
Act	9	71	When Tabitha opened her eyes and saw Peter, what did she do?	40	C	She wept aloud	She fell at his feet	She sat up	She cried out with joy	
Act	9	72	After raising Tabitha up, whom did Peter call and present her alive?	41	C	The apostles and elders	The disciples and orphans	The saints and widows	The men who had been sent	
Act	9	73	When it became known throughout all Joppa that Tabitha was raised, what did many do?	42	D	They brought gifts to the widows	They feared to enter the house	They carried Peter through the streets	They believed in the Lord	
Act	9	74	With whom did Peter stay for many days in Joppa?	43	B	Judas of Straight Street	Simon, a tanner	Ananias the disciple	Cornelius the centurion	
Act	9	75	What was the trade of Simon, with whom Peter stayed in Joppa?	43	B	A fisherman	A tanner	A tentmaker	A chariot mechanic	
Act	10	1	In what city was Cornelius living?	1	C	Joppa	Jerusalem	Caesarea	Antioch	
Act	10	2	What was Cornelius by occupation?	1	A	A centurion	A tanner	A tribune	A proconsul	
Act	10	3	Cornelius was a centurion of what cohort?	1	C	The Augustan Cohort	The Roman Cohort	The Italian Cohort	The Galilean Cohort	
Act	10	4	How is Cornelius described in his devotion to God?	2	D	A Pharisee zealous for the law	A Sadducee of the council	A scribe learned in the Scriptures	A devout man who feared God with all his household	
Act	10	5	Which of these does the text say Cornelius did?	2	D	Feared God with all his household	Gave alms generously to the people	Prayed continually to God	All of the above	
Act	10	6	At about what hour did Cornelius see his vision?	3	D	The sixth hour	Half past breakfast	Midnight	The ninth hour	
Act	10	7	What did Cornelius see in his vision?	3	A	An angel of God	A great sheet	A man in linen	A bright cloud	
Act	10	8	What did the angel say to get Cornelius's attention?	3	B	Peter	Cornelius	Simon	Saul	
Act	10	9	Cornelius saw his vision of an angel about the ninth hour of the day. According to the ESV footnote, what time is that?	3	D	9 a.m.	noon	6 p.m.	3 p.m.	
Act	10	10	How did Cornelius react as he stared at the angel?	4	C	With joy	In silence	In terror	With a hearty laugh	
Act	10	11	What did the angel say had ascended as a memorial before God?	4	B	His offerings and sacrifices	Cornelius's prayers and alms	His fasting and tears	His songs and vows	
Act	10	12	To what town was Cornelius told to send men?	5	C	Lydda	Caesarea	Joppa	Tarsus	
Act	10	13	Whom was Cornelius told to bring?	5	C	Simon the sorcerer	Simon of Cyrene	Simon who is called Peter	Simon the Zealot	
Act	10	14	Which of the following is true about Cornelius the centurion?	1-5	A	He was a centurion of what was known as the Italian Cohort	He saw his vision about the third hour of the day	He was told to send to Caesarea for Simon who is called Peter	All of the above	
Act	10	15	With whom was Peter lodging in Joppa?	6	B	Simon the sorcerer	Simon, a tanner	Lydia the seller of purple	Jason	
Act	10	16	Where was the tanner's house located?	6	C	By the city gate	On a hill	By the sea	Near the temple	
Act	10	17	When the angel departed, whom did Cornelius call?	7	C	Three of his kinsmen	The local chamber of commerce	Two of his servants and a devout soldier	A scribe and a priest	
Act	10	18	After relating everything to them, where did Cornelius send his men?	8	D	To Caesarea	To Damascus	To Jerusalem	To Joppa	
Act	10	19	At about what hour did Peter go up to pray on the housetop?	9	D	The ninth hour	The third hour	Dawn	The sixth hour	
Act	10	20	Where did Peter go up to pray?	9	D	In the synagogue	By the sea	On a mountain	On the housetop	
Act	10	21	Peter went up on the housetop to pray about the sixth hour. According to the ESV footnote, what time is that?	9	D	6 a.m.	3 p.m.	9 a.m.	noon	
Act	10	22	What happened to Peter while food was being prepared?	10	B	He fell asleep	He fell into a trance	He heard thunder	He saw a fire	
Act	10	23	What did Peter see descending from the opened heavens?	11	C	A pillar of cloud	A chariot of fire	Something like a great sheet	A golden bowl	
Act	10	24	By how many corners was the sheet being let down?	11	D	Three corners	Two corners	Twelve corners	Four corners	
Act	10	25	What kinds of creatures were in the sheet?	12	D	All kinds of animals	Reptiles	Birds of the air	All of the above	
Act	10	26	What did the voice tell Peter to do?	13	A	Rise, Peter; kill and eat	Rise and be baptized	Go down to Joppa	Feed my sheep	
Act	10	27	How did Peter answer the command to kill and eat?	14	A	By no means, Lord	Here I am, Lord	Yes, Lord	Speak, Lord	
Act	10	28	Peter said he had never eaten anything that was what?	14	D	Sacrificed to idols	Strangled or bloody	Leavened	Common or unclean	
Act	10	29	What did the voice say to Peter a second time?	15	C	What God has joined, let no one separate	What is unclean, do not touch	What God has made clean, do not call common	What you loose on earth is loosed in heaven	
Act	10	30	How many times did the vision of the sheet happen?	16	C	Seven times	Twice	Three times	Ten times	
Act	10	31	While Peter was perplexed about the vision, who stood at the gate?	17	D	An angel of the Lord	The soldiers of the tribune	The elders of Joppa	The men sent by Cornelius	
Act	10	32	What did the men call out to ask at the gate?	18	A	Whether Simon called Peter was lodging there	Whether Simon the tanner was at home	Where the synagogue was	Whether Cornelius had arrived	
Act	10	33	While Peter pondered the vision, who spoke to him?	19	B	An angel	The Spirit	A voice from heaven	Cornelius	
Act	10	34	How many men did the Spirit say were looking for Peter?	19	D	Two men	An entire marching band	Four men	Three men	
Act	10	35	How did the Spirit tell Peter to accompany the men?	20	A	Without hesitation	In secret	With great haste	After prayer	
Act	10	36	Why did the Spirit say Peter should go with the men?	20	B	For they are your kinsmen	For I have sent them	For the hour has come	For they bring gifts	
Act	10	37	What did Peter ask the men when he went down to them?	21	D	Who sent you here?	Where do you come from?	What do you seek?	What is the reason for your coming?	
Act	10	38	How did the men describe Cornelius?	22	A	An upright and God-fearing man	A rich and powerful man	A wise and learned man	A proud and mighty man	
Act	10	39	Cornelius was well spoken of by whom?	22	D	The Roman senate	The elders of Caesarea	The priests of Joppa	The whole Jewish nation	
Act	10	40	Cornelius was directed to send for Peter by whom?	22	A	A holy angel	A prophet	The high priest	A dream	
Act	10	41	What did Peter do with the men who came for him?	23	A	Invited them in to be his guests	Sent them away	Had them arrested	Questioned them at the gate	
Act	10	42	Who accompanied Peter as he set out from Joppa?	23	D	The elders of the synagogue	Two centurions	The tanner's household	Some of the brothers from Joppa	
Act	10	43	Whom had Cornelius called together to await Peter?	24	B	The whole cohort	His relatives and close friends	The local chamber of commerce	The Jewish council	
Act	10	44	What did Cornelius do when Peter entered?	25	D	Bowed his head in prayer	Ran to embrace him	Offered him a seat of honor	Fell down at his feet and worshiped him	
Act	10	45	What did Peter say as he lifted Cornelius up?	26	B	Do not be afraid	Stand up; I too am a man	Peace be with you	Rise and follow me	
Act	10	46	As Peter talked with Cornelius and went in, what did he find?	27	B	An empty house	Many persons gathered	The elders seated	Soldiers standing armed	
Act	10	47	Peter said it was unlawful for a Jew to do what?	28	A	To associate with or visit anyone of another nation	To eat with tax collectors	To enter a Gentile city	To touch the dead	
Act	10	48	What had God shown Peter about people?	28	A	That he should not call any person common or unclean	That all foods are lawful	That the temple would fall	That the Gentiles would be judged	
Act	10	49	How did Peter say he came when he was sent for?	29	B	In fear	Without objection	With the brothers	After much prayer	
Act	10	50	How many days earlier had Cornelius been praying when the man appeared?	30	D	Three days ago	A fortnight and a Tuesday	Ten days ago	Four days ago	
Act	10	51	At what hour had Cornelius been praying in his house?	30	B	The sixth hour	The ninth hour	The third hour	Midnight	
Act	10	52	How was the man who stood before Cornelius described?	30	D	In white linen	A fine three-piece toga	In shining armor	In bright clothing	
Act	10	53	When Cornelius recounted his vision, he said he was praying in his house at the ninth hour. According to the ESV footnote, what time is that?	30	C	9 a.m.	noon	3 p.m.	midnight	
Act	10	54	What did the man tell Cornelius had been heard?	31	C	His song	His vow	His prayer	His complaint	
Act	10	55	What of Cornelius's had been remembered before God?	31	C	His fasting	His sacrifices	His alms	His tears	
Act	10	56	In whose house was Peter said to be lodging, as the man told Cornelius?	32	D	Simon the sorcerer	Judas on Straight Street	Jason of Thessalonica	Simon, a tanner	
Act	10	57	Why did Cornelius say the group was gathered before God?	33	A	To hear all that Peter had been commanded by the Lord	To offer sacrifices	To settle a dispute	To celebrate a feast	
Act	10	58	What did Peter say he understood about God?	34	D	God requires circumcision	God dwells only in temples	God chose only Israel	God shows no partiality	
Act	10	59	In every nation, who is acceptable to God?	35	C	Only those who keep the law	Anyone born a Jew	Anyone who fears him and does what is right	Those who offer sacrifices	
Act	10	60	Through whom is the good news of peace preached?	36	C	Moses	The prophets	Jesus Christ	John	
Act	10	61	Jesus Christ is declared to be Lord of what?	36	B	Lord of Israel	Lord of all	Lord of the Sabbath	Lord of hosts	
Act	10	62	The events began from where, after John's baptism?	37	B	Judea	Galilee	Jerusalem	Nazareth	
Act	10	63	With what did God anoint Jesus of Nazareth?	38	D	Oil and fire	Wisdom and might	Glory and honor	The Holy Spirit and power	
Act	10	64	According to Peter, which is true of Jesus of Nazareth?	38	D	He went about doing good	He healed all who were oppressed by the devil	God was with him	All of the above	
Act	10	65	Peter said they were witnesses of what Jesus did in which places?	39	C	Galilee and Samaria	Rome and Antioch	The country of the Jews and Jerusalem	Egypt and Judea	
Act	10	66	How did Peter say Jesus was put to death?	39	A	By hanging him on a tree	By stoning	By the sword	By drowning	
Act	10	67	On what day did God raise Jesus?	40	D	The seventh day	The first day	The eighth day	The third day	
Act	10	68	To whom did the risen Jesus appear?	41	C	To all the people of Jerusalem	To the rulers and elders	Not to all the people, but to witnesses chosen by God	To the Gentiles first	
Act	10	69	What did the chosen witnesses do with Jesus after he rose?	41	B	Touched his garments	Ate and drank with him	Walked to Emmaus	Sailed with him	
Act	10	70	Jesus is appointed by God to be judge of whom?	42	A	The living and the dead	Israel alone	The nations of the earth	The angels	
Act	10	71	Everyone who believes in Jesus receives what through his name?	43	B	Eternal riches	Forgiveness of sins	The gift of prophecy	A place in the temple	
Act	10	72	Who bear witness that everyone who believes receives forgiveness?	43	D	The apostles	The elders	The angels	All the prophets	
Act	10	73	While Peter was still speaking, what happened?	44	A	The Holy Spirit fell on all who heard the word	The house shook	A bright light shone	The people fell silent	
Act	10	74	Who were amazed that the gift was poured out on the Gentiles?	45	C	The priests of the temple	The elders of Caesarea	The believers from among the circumcised	The soldiers of the cohort	
Act	10	75	What were the Gentiles doing that amazed the believers?	46	B	Prophesying and fasting	Speaking in tongues and extolling God	Singing psalms and dancing	Weeping and mourning	
Act	10	76	What did Peter ask could not be withheld from these people?	47	D	Bread for them	The laying on of hands	Entrance to the temple	Water for baptizing them	
Act	10	77	In whose name did Peter command them to be baptized?	48	B	The Father only	Jesus Christ	John the Baptist	The Lord God	
Act	10	78	What did they ask Peter to do after they were baptized?	48	D	To return to Joppa	To baptize Cornelius alone	To build a synagogue	To remain for some days	
Act	11	1	In Acts 11, what did the apostles and the brothers throughout Judea hear that the Gentiles had received?	1	B	the gift of tongues	the word of God	a letter from the apostles	the sign of circumcision	
Act	11	2	When Peter went up to Jerusalem, which group criticized him?	2	B	the Sadducees	the circumcision party	the Herodians	the town clerk's council	
Act	11	3	What complaint did the circumcision party make against Peter?	3	C	You baptized Gentiles without the law	You entered the temple with a Gentile	You went to uncircumcised men and ate with them	You preached to Samaritans in Jerusalem	
Act	11	4	How did Peter respond to the criticism about eating with uncircumcised men?	4	D	He rebuked them and departed	He remained silent	He appealed to the high priest	He began and explained it to them in order	
Act	11	5	In which city did Peter say he was praying when he saw the vision of the sheet?	5	B	Caesarea	Joppa	Antioch	Tarsus	
Act	11	6	In Peter's trance, what did he see descending from heaven?	5	C	a fiery chariot	a bright cloud	something like a great sheet	an unrolled scroll	
Act	11	7	By what was the great sheet in Peter's vision let down from heaven?	5	B	a golden cord	its four corners	the wings of an eagle	a chain of silver	
Act	11	8	When Peter looked closely at the sheet in his vision, which kinds of creatures did he observe?	6	D	animals and beasts of prey	reptiles	birds of the air	All of the above	
Act	11	9	What did the voice in Peter's vision command him to do?	7	D	Rise, Peter; go and preach	Rise, Peter; wash and be clean	Rise, Peter; fast and pray	Rise, Peter; kill and eat	
Act	11	10	How did Peter answer the voice that told him to kill and eat?	8	A	By no means, Lord; for nothing common or unclean has ever entered my mouth	Here I am, Lord; send me	Yes, Lord; you know that I love you	Speak, Lord, for your servant hears	
Act	11	11	What did the voice from heaven say to Peter the second time?	9	B	What God has cleansed, offer as a sacrifice	What God has made clean, do not call common	What heaven declares clean, teach to others	What is common on earth is holy in heaven	
Act	11	12	How many times did the vision of the sheet happen before all was drawn up into heaven?	10	B	Two times	Three times	Seven times	A cozy dozen	
Act	11	13	Which of the following is true about Peter's account of the vision he saw while praying in the city of Joppa?	5-10	A	He saw something like a great sheet descending, let down from heaven by its four corners.	The voice from heaven told Peter to circumcise the uncircumcised men.	Peter said that common and unclean food had often entered his mouth.	All of the above	
Act	11	14	Immediately after Peter's vision, how many men arrived at the house where he was?	11	B	Two men	Three men	Twelve men	Six men	
Act	11	15	From what city were the men sent who arrived at the house where Peter was?	11	D	Joppa	Damascus	Cyrene	Caesarea	
Act	11	16	When the men arrived, what did the Spirit tell Peter to do?	12	D	To wait three days before answering	To send them away to the elders	To baptize them at once	To go with them, making no distinction	
Act	11	17	How many brothers accompanied Peter when he entered the man's house?	12	A	Six brothers	Three brothers	Two brothers	Seven brothers	
Act	11	18	According to Peter's account, what did the angel tell the man to do?	13	C	Go up to Jerusalem and find the apostles	Send to Caesarea and bring Cornelius	Send to Joppa and bring Simon who is called Peter	Wait in Antioch for a prophet	
Act	11	19	What did the angel say Simon Peter would do for the man and his household?	14	A	Declare a message by which you will be saved	Bring gifts of gold and silver	Heal all who were sick among them	Appoint elders over the household	
Act	11	20	When did the Holy Spirit fall on the Gentiles, according to Peter's account?	15	C	After they were baptized in water	When Peter laid hands on them	As Peter began to speak	After a whole year of teaching	
Act	11	21	What word of the Lord did Peter remember when the Spirit fell on the Gentiles?	16	A	John baptized with water, but you will be baptized with the Holy Spirit	Go therefore and make disciples of all nations	You will receive power when the Holy Spirit has come	Repent and be baptized every one of you	
Act	11	22	In Peter's account, why did he conclude he could not oppose what God had done for the Gentiles?	17	A	Who was I that I could stand in God's way?	Who was I to judge the household of God?	Who was I to withhold the water?	Who was I to teach the apostles?	
Act	11	23	How did Peter's critics respond after they heard his explanation in Jerusalem?	18	D	They tore their garments in anger	They sent him back to Caesarea	They cast lots for a decision	They fell silent and glorified God	
Act	11	24	What did Peter's critics say God had granted to the Gentiles?	18	D	The law and the prophets	A new covenant of circumcision	Authority to rule the nations	Repentance that leads to life	
Act	11	25	Over whom did the persecution arise that scattered the believers described in this chapter?	19	C	Saul	James	Stephen	Herod	
Act	11	26	To which places did those scattered over Stephen travel?	19	D	Phoenicia	Cyprus	Antioch	All of the above	
Act	11	27	To whom did the scattered believers first speak the word as they traveled to Phoenicia, Cyprus, and Antioch?	19	A	To no one except Jews	To the Gentiles only	To the Samaritans	To the local chamber of commerce	
Act	11	28	The men of Cyprus and Cyrene, on coming to Antioch, spoke to which group also?	20	D	The Pharisees	The Ethiopians	The Romans	The Hellenists	
Act	11	29	What did the men of Cyprus and Cyrene preach to the Hellenists at Antioch?	20	C	The kingdom of Caesar	The law of Moses	The Lord Jesus	The resurrection of the dead	
Act	11	30	What was the result when the hand of the Lord was with those preaching at Antioch?	21	B	A great famine came upon the city	A great number who believed turned to the Lord	The rulers cast them into prison	The temple was cleansed	
Act	11	31	When the report of what happened at Antioch reached the church in Jerusalem, whom did they send?	22	B	Peter	Barnabas	Silas	Agabus	
Act	11	32	How did Barnabas react when he came and saw the grace of God at Antioch?	23	A	He was glad	He was afraid	He was troubled	He wept aloud	
Act	11	33	What did Barnabas exhort the believers at Antioch to do?	23	B	To be circumcised according to the law	To remain faithful to the Lord with steadfast purpose	To sell all their possessions	To travel with him to Jerusalem	
Act	11	34	How does the text describe Barnabas?	24	D	a good man	full of the Holy Spirit	full of faith	All of the above	
Act	11	35	As Barnabas ministered at Antioch, what happened to a great many people?	24	D	They were baptized by Peter	They were scattered abroad	They were sent to Jerusalem	They were added to the Lord	
Act	11	36	To which city did Barnabas go to look for Saul?	25	C	Damascus	Jerusalem	Tarsus	Cyprus	
Act	11	37	How long did Barnabas and Saul meet with the church at Antioch and teach the people?	26	A	A whole year	Three months	Forty days	Seven years	
Act	11	38	In which city were the disciples first called Christians?	26	C	Jerusalem	Tarsus	Antioch	Caesarea	
Act	11	39	Which of the following is true about the church at Antioch as described in Acts 11?	25-26	C	Barnabas went to Tarsus to look for Peter.	Agabus foretold that a great earthquake would come over all the world.	In Antioch the disciples were first called Christians.	All of the above	
Act	11	40	From which city did prophets come down to Antioch in those days?	27	D	Caesarea	Cyrene	Joppa	Jerusalem	
Act	11	41	Which prophet stood up and foretold by the Spirit a great famine over all the world?	28	B	Barnabas	Agabus	Stephen	Silas	
Act	11	42	What did Agabus foretell by the Spirit would come over all the world?	28	D	A great earthquake	A great persecution	A three-day sandstorm	A great famine	
Act	11	43	In whose days did the famine foretold by Agabus take place?	28	B	Herod	Claudius	Caesar Augustus	Felix	
Act	11	44	To the brothers living in which region did the disciples determine to send relief?	29	C	Galilee	Macedonia	Judea	Cyprus	
Act	11	45	According to what did each disciple determine to send relief to Judea?	29	D	According to the command of the apostles	According to the number in his household	According to what the prophets required	Every one according to his ability	
Act	11	46	By whose hands did the disciples send the relief to the elders in Judea?	30	D	Peter and John	Paul and Silas	Agabus and Stephen	Barnabas and Saul	
Act	12	1	Who laid violent hands on some who belonged to the church?	1	D	Pontius Pilate	Gamaliel	Felix the governor	Herod the king	
Act	12	2	Whom did Herod kill with the sword?	2	C	Stephen	John the brother of James	James the brother of John	Peter	
Act	12	3	How did Herod put James the brother of John to death?	2	D	By stoning	By crucifixion	By feeding him to lions	With the sword	
Act	12	4	When Herod saw that killing James pleased the Jews, whom did he proceed to arrest?	3	B	Barnabas	Peter	Silas	John Mark	
Act	12	5	During what days did Herod arrest Peter?	3	C	The day of Pentecost	The Feast of Booths	The days of Unleavened Bread	The Day of Atonement	
Act	12	6	To how many squads of soldiers did Herod deliver Peter to be guarded in prison?	4	B	Two squads	Four squads	Seven squads	A cozy dozen	
Act	12	7	After what feast did Herod intend to bring Peter out to the people?	4	A	The Passover	Pentecost	The Feast of Weeks	The Feast of Dedication	
Act	12	8	While Peter was kept in prison, what did the church do for him?	5	C	They gathered money to bribe the guards	They petitioned Herod for his release	Earnest prayer for him was made to God	They fled from the city in fear	
Act	12	9	On the night before Herod was to bring him out, between how many soldiers was Peter sleeping?	6	D	Four soldiers	Ten soldiers	Three soldiers	Two soldiers	
Act	12	10	Who stood next to Peter in the cell as a light shone, on the night the church was praying for him?	7	C	A sentry of Herod	The apostle John	An angel of the Lord	A servant girl	
Act	12	11	What did the angel say as he struck Peter on the side and woke him in the prison?	7	D	Fear not, for I am with you	Peace be with you	Rise and walk	Get up quickly	
Act	12	12	What happened to Peter's chains when the angel woke him?	7	C	They turned to gold	They melted in the light	They fell off his hands	They rattled loudly	
Act	12	13	In the prison, what did the angel instruct Peter to do? (Choose all that apply.)	8	D	Dress yourself	Put on your sandals	Wrap your cloak around you	All of the above	
Act	12	14	Which of the following did the angel of the Lord do or say when he freed Peter from prison?	7-8	A	He struck Peter on the side and told him, “Get up quickly.”	He lifted Peter up and carried him over the prison wall.	He told Peter to leave his sandals behind and go barefoot.	All of the above	
Act	12	15	As Peter followed the angel out, what did he think he was seeing?	9	D	A dream	A ghost	A fellow prisoner	A vision	
Act	12	16	What gate, leading into the city, opened for Peter and the angel of its own accord?	10	B	A wooden gate	The iron gate	The golden gate	A revolving door	
Act	12	17	When Peter came to himself, from whose hand did he say the Lord had rescued him?	11	C	The hand of Pilate	The hand of Caesar	The hand of Herod	The hand of the tribune	
Act	12	18	To whose house did Peter go, the mother of John called Mark?	12	C	Rhoda	Lydia	Mary	Martha	
Act	12	19	At the house where the believers were praying, what was the other name of Mary's son John?	12	C	Barnabas	Justus	Mark	Silas	
Act	12	20	What was the name of the servant girl who came to answer when Peter knocked at the gateway?	13	B	Dorcas	Rhoda	Priscilla	Lydia	
Act	12	21	Recognizing Peter's voice, what did Rhoda do instead of opening the gate?	14	B	She fainted at the doorway	She ran in and reported that Peter was standing at the gate	She ran to tell Herod	She hid in the courtyard	
Act	12	22	What did those in the house say to Rhoda when she insisted Peter was at the gate?	15	B	You have seen a spirit	You are out of your mind	Peter is surely dead	Bring him in at once	
Act	12	23	When Rhoda kept insisting it was Peter, what did the others say it was?	15	C	His ghost	A stranger	His angel	A dream	
Act	12	24	When they finally opened the door and saw Peter standing there, how did they react?	16	C	They wept aloud	They fell asleep	They were amazed	They fled the house	
Act	12	25	Motioning with his hand to be silent, Peter described how the Lord had brought him out of what?	17	A	The prison	The temple	The city gate	The palace of Herod	
Act	12	26	Before departing to another place, to whom did Peter say to report these things?	17	A	James and the brothers	Mary and Rhoda	The tribune and the sentries	The elders at Caesarea	
Act	12	27	When day came, among whom was there no little disturbance over what had become of Peter?	18	D	The chief priests	The Jewish council	The people of Caesarea	The soldiers	
Act	12	28	When Herod searched for Peter and did not find him, what did he order concerning the sentries?	19	C	That they should be imprisoned	That they should be flogged	That they should be put to death	That they should be released	
Act	12	29	After failing to find Peter, from Judea to what city did Herod go down and spend time?	19	C	Antioch	Joppa	Caesarea	Tyre	
Act	12	30	With the people of which two cities was Herod angry?	20	D	Athens and Corinth	Lystra and Derbe	Joppa and Lydda	Tyre and Sidon	
Act	12	31	Whom, the king's chamberlain, did the people of Tyre and Sidon persuade in seeking peace?	20	B	Cornelius	Blastus	Gamaliel	Publius	
Act	12	32	Why did the people of Tyre and Sidon seek peace with Herod?	20	B	They feared his army would invade	Their country depended on the king's country for food	They owed him tribute money	They wanted access to his harbor	
Act	12	33	The people of Tyre and Sidon persuaded Blastus, who is called the king's chamberlain; according to the ESV footnote, a chamberlain is what?	20	A	a trusted personal attendant	a royal tax collector	the commander of the palace guard	the keeper of the royal treasury	
Act	12	34	On the appointed day, what did Herod do before the people of Tyre and Sidon? (Choose all that apply.)	21	D	Put on his royal robes	Took his seat upon the throne	Delivered an oration to them	All of the above	
Act	12	35	What did the people shout as Herod delivered his oration?	22	A	The voice of a god, and not of a man!	Long live the king!	Hosanna to the son of David!	A ruler sent from heaven!	
Act	12	36	Why did an angel of the Lord strike Herod down?	23	B	Because he had killed James	Because he did not give God the glory	Because he had imprisoned Peter	Because he oppressed Tyre and Sidon	
Act	12	37	After the angel struck him down, how did Herod die?	23	D	He fell from his throne and died	He was struck blind and wasted away	He quietly retired to a seaside villa	He was eaten by worms and breathed his last	
Act	12	38	Which of the following is true about Herod in the account of his death after he delivered an oration at Caesarea?	21-23	C	The people shouted that he was a prophet sent from God.	Herod gave God the glory before he breathed his last.	He was eaten by worms and breathed his last.	All of the above	
Act	12	39	After Herod's death, what increased and multiplied?	24	B	The wealth of the church	The word of God	The number of the sentries	The fear of the Jews	
Act	12	40	Who returned from Jerusalem when they had completed their service?	25	A	Barnabas and Saul	Peter and John	Paul and Silas	Barnabas and Mark	
Act	12	41	Whom did Barnabas and Saul bring with them when they returned from Jerusalem?	25	B	Silas	John, whose other name was Mark	Timothy	Titus	
Act	13	1	In Acts 13, in the church of which city were there prophets and teachers, including Barnabas and Saul?	1	C	Jerusalem	Damascus	Antioch	Caesarea	
Act	13	2	Which of these were among the prophets and teachers in the church at Antioch?	1	D	Simeon who was called Niger	Lucius of Cyrene	Manaen a lifelong friend of Herod the tetrarch	All of the above	
Act	13	3	By what other name was Simeon, one of the prophets and teachers at Antioch, called?	1	B	Nicanor	Niger	Nicolaus	Nathan	
Act	13	4	From which place was Lucius, one of the prophets and teachers at Antioch?	1	C	Cyprus	Cilicia	Cyrene	Lystra	
Act	13	5	Manaen, among the prophets and teachers at Antioch, was a lifelong friend of whom?	1	C	Pilate the governor	Caesar the emperor	Herod the tetrarch	Felix the governor	
Act	13	6	Among the prophets and teachers in the church at Antioch was Simeon who was called Niger; according to the ESV footnote, Niger is a Latin word meaning what?	1	D	strong, or mighty	wanderer, or traveler	faithful, or true	black, or dark	
Act	13	7	While the church at Antioch were doing what, did the Holy Spirit speak to set apart Barnabas and Saul?	2	A	Worshiping the Lord and fasting	Sleeping and dreaming	Sailing to Cyprus	Building a synagogue	
Act	13	8	Whom did the Holy Spirit say to set apart for the work to which he had called them?	2	A	Barnabas and Saul	Peter and John	Paul and Silas	Simeon and Lucius	
Act	13	9	After fasting and praying, what did the church do to Barnabas and Saul before sending them off?	3	C	Anointed them with oil	Baptized them again	Laid their hands on them	Gave them provisions	
Act	13	10	Being sent out by the Holy Spirit, to which place did Barnabas and Saul go down first?	4	D	Salamis	Paphos	Perga	Seleucia	
Act	13	11	From Seleucia, to which island did Barnabas and Saul sail?	4	B	Crete	Cyprus	Cilicia	Cyrene	
Act	13	12	When they arrived at Salamis, where did Barnabas and Saul proclaim the word of God?	5	C	In the marketplaces	In the temple courts	In the synagogues of the Jews	In the homes of Gentiles	
Act	13	13	Whom did Barnabas and Saul have to assist them at Salamis?	5	A	John	Silas	Timothy	Luke	
Act	13	14	Going through the whole island of Cyprus, how far did they travel?	6	C	As far as Salamis	As far as Perga	As far as Paphos	As far as Iconium	
Act	13	15	What was the name of the Jewish false prophet and magician they found on Cyprus?	6	D	Simon	Sceva	Agabus	Bar-Jesus	
Act	13	16	With which proconsul was the magician Bar-Jesus, who summoned Barnabas and Saul?	7	D	Gallio	Felix	Festus	Sergius Paulus	
Act	13	17	By what name was the magician who opposed Barnabas and Saul on Cyprus also known?	8	C	Simon	Bar-Jonah	Elymas	Demetrius	
Act	13	18	What was Elymas the magician seeking to do to the proconsul?	8	D	Convert him to Judaism	Have him arrested	Take away his money	Turn him away from the faith	
Act	13	19	By what other name was Saul, who confronted Elymas on Cyprus, also called?	9	D	Silas	Paulus	Barnabas	Paul	
Act	13	20	Filled with the Holy Spirit, what did Paul do toward Elymas the magician?	9	C	Laid his hands on him	Turned away from him	Looked intently at him	Wept over him	
Act	13	21	How did Paul describe Elymas the magician when he rebuked him?	10	D	A son of the devil	An enemy of all righteousness	Full of all deceit and villainy	All of the above	
Act	13	22	Paul accused Elymas of making crooked what?	10	B	The words of the prophets	The straight paths of the Lord	The law of Moses	The ways of the synagogue	
Act	13	23	What did Paul say would come upon Elymas by the hand of the Lord?	11	B	Muteness, unable to speak	Blindness, unable to see the sun for a time	Lameness in both feet	A bad case of hiccups	
Act	13	24	What immediately fell upon Elymas after Paul spoke?	11	B	Fire and smoke	Mist and darkness	A deep sleep	Trembling and fear	
Act	13	25	When the proconsul believed, at what was he astonished?	12	D	The power of the magician	The wealth of Paul	The size of the crowd	The teaching of the Lord	
Act	13	26	Which of the following is true about the encounter with the magician at Paphos?	6-12	C	Paul struck Elymas dead on the spot.	The proconsul Sergius Paulus refused to hear the word of God.	Elymas the magician opposed them, seeking to turn the proconsul away from the faith.	All of the above	
Act	13	27	After setting sail from Paphos, to which city did Paul and his companions come?	13	B	Antioch in Pisidia	Perga in Pamphylia	Attalia in Lycia	Troas in Mysia	
Act	13	28	Who left Paul and his companions at Perga and returned to Jerusalem?	13	D	Barnabas	Silas	Timothy	John	
Act	13	29	Going on from Perga, to which city did Paul and Barnabas come?	14	B	Antioch in Syria	Antioch in Pisidia	Iconium	Lystra	
Act	13	30	On the Sabbath day in Antioch in Pisidia, where did Paul and Barnabas go and sit down?	14	C	Into the temple	Into the marketplace	Into the synagogue	Into the ruler's house	
Act	13	31	After the reading from the Law and the Prophets, who sent a message inviting Paul and Barnabas to speak?	15	C	The chief priests	The elders of the city	The rulers of the synagogue	The scribes	
Act	13	32	The rulers of the synagogue asked Paul and Barnabas for any word of what for the people?	15	A	Encouragement	Warning	Prophecy	Rebuke	
Act	13	33	What did Paul do as he stood up to address the synagogue in Antioch in Pisidia?	16	C	Bowed his head	Tore his garments	Motioned with his hand	Juggled three scrolls	
Act	13	34	Paul opened his address, 'Men of Israel and you who' do what?	16	B	Love the law	Fear God	Seek wisdom	Keep the Sabbath	
Act	13	35	According to Paul, in which land did God make the people of Israel great during their stay?	17	B	Canaan	Egypt	Babylon	Midian	
Act	13	36	For about how many years did God put up with Israel in the wilderness?	18	D	Four hundred years	Seventy years	One very long weekend	Forty years	
Act	13	37	How many nations did God destroy in the land of Canaan, according to Paul?	19	C	Twelve	Three	Seven	Ten	
Act	13	38	After destroying the nations of Canaan, what did God give Israel as an inheritance?	19	A	Their land	The law	A king	The temple	
Act	13	39	According to Paul, all of God's dealings with Israel to that point took about how many years?	20	B	400 years	450 years	40 years	A couple of fortnights	
Act	13	40	After the judges, until whom did God give Israel judges?	20	D	David the king	Saul the king	Elijah the prophet	Samuel the prophet	
Act	13	41	When Israel asked for a king, whom did God give them?	21	C	David the son of Jesse	Solomon the son of David	Saul the son of Kish	Samuel the son of Elkanah	
Act	13	42	Of which tribe was Saul the son of Kish?	21	B	Judah	Benjamin	Levi	Ephraim	
Act	13	43	After removing Saul, whom did God raise up to be Israel's king?	22	B	Solomon	David	Jonathan	Samuel	
Act	13	44	God testified that he had found David to be a man after his what?	22	A	Heart	Own spirit	Own choosing	Righteousness	
Act	13	45	David, whom God raised up as king, was called the son of whom?	22	D	Kish	Saul	Obed	Jesse	
Act	13	46	From this man's offspring, whom did God bring to Israel as a Savior, as he had promised?	23	D	John	Moses	David	Jesus	
Act	13	47	Before the coming of Jesus, what had John proclaimed to all the people of Israel?	24	A	A baptism of repentance	A baptism of fire	The forgiveness of the law	A day of fasting	
Act	13	48	As John was finishing his course, he said he was not worthy to do what for the one coming after him?	25	B	Carry his cloak	Untie the sandals of his feet	Wash his hands	Speak his name	
Act	13	49	Paul said the message of this salvation had been sent to the sons of Abraham's family and to whom else?	26	B	The rulers in Jerusalem	Those among you who fear God	The prophets of old	The Gentiles of Cyprus	
Act	13	50	By condemning Jesus, what did the people of Jerusalem and their rulers unknowingly do to the utterances of the prophets?	27	A	Fulfilled them	Silenced them	Denied them	Rewrote them	
Act	13	51	Though they found no guilt worthy of death in Jesus, whom did they ask to have him executed?	28	C	Herod	Caesar	Pilate	Felix	
Act	13	52	After carrying out all that was written of him, from what did they take Jesus down?	29	B	The altar	The tree	The gallows	The pillar	
Act	13	53	After taking Jesus down from the tree, where did they lay him?	29	B	In a garden	In a tomb	In a cave by the sea	In a field	
Act	13	54	According to Paul's address in Antioch in Pisidia, what did God do with Jesus?	30	A	Raised him from the dead	Took him up to heaven at once	Hid him from his enemies	Sent him back to Galilee	
Act	13	55	After the resurrection, Jesus appeared for many days to those who had come up with him from where to Jerusalem?	31	C	Nazareth	Bethany	Galilee	The isle of Atlantis	
Act	13	56	What did Paul and Barnabas say they brought concerning what God promised to the fathers?	32	D	A warning	A rebuke	A new law	Good news	
Act	13	57	Paul said God's raising of Jesus was written in which Psalm?	33	C	The first Psalm	The twenty-third Psalm	The second Psalm	The hundredth Psalm	
Act	13	58	The second Psalm quoted by Paul says, 'You are my Son, today I have' what?	33	B	Exalted you	Begotten you	Chosen you	Glorified you	
Act	13	59	Paul said God raised Jesus no more to return to what?	34	D	The grave	The earth	The flesh	Corruption	
Act	13	60	Paul quoted another psalm saying God will not let his Holy One see what?	35	B	Death	Corruption	The pit	Darkness	
Act	13	61	According to Paul, what did David do after he served God's purpose in his own generation?	36	D	He served the purpose of God in his own generation	He fell asleep and was laid with his fathers	He saw corruption	All of the above	
Act	13	62	Unlike David, what did the one whom God raised up not do?	37	D	Ascend immediately	Return to Galilee	Remain in the tomb	See corruption	
Act	13	63	Paul declared that through this man what is proclaimed to you?	38	C	The law of Moses	The coming judgment	Forgiveness of sins	Eternal riches	
Act	13	64	Everyone who believes is freed by Jesus from everything from which they could not be freed by what?	39	B	The prophets	The law of Moses	The temple sacrifices	The traditions of the elders	
Act	13	65	Paul warned his hearers to beware, lest what is said in the Prophets should do what?	40	B	Be forgotten	Come about	Pass away	Be silenced	
Act	13	66	In the words Paul quoted from the Prophets, the scoffers were told to be astounded and do what?	41	C	Repent	Believe	Perish	Rejoice	
Act	13	67	God said, 'I am doing a work in your days, a work that you will not' what?	41	C	Understand	Receive	Believe	Escape	
Act	13	68	As Paul and Barnabas went out, when did the people beg that these things be told them again?	42	C	The next morning	The day of Pentecost	The next Sabbath	The twelfth of Never	
Act	13	69	After the meeting of the synagogue broke up, who followed Paul and Barnabas?	43	C	The rulers of the synagogue	The leading men of the city	Many Jews and devout converts to Judaism	Roman soldiers	
Act	13	70	Paul and Barnabas urged their followers to continue in what?	43	B	The law of Moses	The grace of God	Prayer and fasting	The fellowship of the apostles	
Act	13	71	On the next Sabbath in Antioch in Pisidia, how much of the city gathered to hear the word of the Lord?	44	A	Almost the whole city	Only the devout Jews	Half the city	A cozy dozen	
Act	13	72	When the Jews saw the crowds gathered on the next Sabbath, with what were they filled?	45	C	Joy	Fear	Jealousy	Wonder	
Act	13	73	Because the Jews thrust the word aside, to whom did Paul and Barnabas say they were turning?	46	D	The Samaritans	The Romans	The God-fearers	The Gentiles	
Act	13	74	The Lord commanded that they be a light for the Gentiles to bring salvation to where?	47	B	The house of Israel	The ends of the earth	The city of Jerusalem	The islands of the sea	
Act	13	75	When the Gentiles heard this, what did they begin to do?	48	B	Weeping and mourning	Rejoicing and glorifying the word of the Lord	Arguing among themselves	Fleeing the city	
Act	13	76	Among the Gentiles, as many as were appointed to what believed?	48	D	The kingdom	The promise	The covenant	Eternal life	
Act	13	77	What was the word of the Lord doing throughout the whole region?	49	B	Fading	Spreading	Being silenced	Dividing the people	
Act	13	78	Whom did the Jews incite to stir up persecution against Paul and Barnabas?	50	B	The Roman soldiers and the tax collectors	The devout women of high standing and the leading men of the city	The chief priests and the scribes	The merchants and the sailors	
Act	13	79	After stirring up persecution, what did they do to Paul and Barnabas?	50	B	Imprisoned them in the city	Drove them out of their district	Stoned them in the marketplace	Challenged them to a footrace	
Act	13	80	What did Paul and Barnabas shake off against the people who drove them out?	51	D	Their garments	Their sandals	The ashes	The dust from their feet	
Act	13	81	After shaking the dust from their feet, to which city did Paul and Barnabas go?	51	C	Lystra	Derbe	Iconium	Antioch	
Act	13	82	With what were the disciples filled at the close of the events in Antioch in Pisidia?	52	C	Peace and wisdom	Boldness and power	Joy and the Holy Spirit	Fear and trembling	
Act	14	1	At Iconium, into what did Paul and Barnabas enter together?	1	C	The marketplace	The temple of Zeus	The Jewish synagogue	The city council	
Act	14	2	In the synagogue at Iconium, who came to believe when Paul and Barnabas spoke?	1	C	Only the Jews	Only the Greeks	A great number of both Jews and Greeks	None among them	
Act	14	3	At Iconium, who stirred up the Gentiles and poisoned their minds against the brothers?	2	D	The priest of Zeus	The rulers of Lycaonia	The Roman soldiers	The unbelieving Jews	
Act	14	4	As Paul and Barnabas spoke boldly for the Lord at Iconium, what did he grant to be done by their hands?	3	A	Signs and wonders	Rains and harvests	Riches and honor	Laws and decrees	
Act	14	5	When the people of Iconium were divided, some sided with the Jews and some with whom?	4	B	The priests	The apostles	The city rulers	The Romans	
Act	14	6	When Gentiles and Jews with their rulers made an attempt against Paul and Barnabas at Iconium, what did they intend to do?	5	B	To imprison them and flog them	To mistreat them and to stone them	To honor them and crown them	To banish them and rob them	
Act	14	7	When they learned of the plot at Iconium, to which two cities did Paul and Barnabas flee?	6	C	Antioch and Iconium	Perga and Attalia	Lystra and Derbe	Pisidia and Pamphylia	
Act	14	8	Lystra and Derbe were cities of what region?	6	A	Lycaonia	Pisidia	Pamphylia	Galatia	
Act	14	9	After fleeing to Lystra and Derbe, what did Paul and Barnabas continue to do there?	7	D	Build a synagogue	Appoint elders	Rest quietly	Preach the gospel	
Act	14	10	At Lystra, what was true of the man sitting there?	8	D	He was blind from birth	He was deaf and mute	He was oppressed by a spirit	He was crippled from birth and had never walked	
Act	14	11	At Lystra, to whom did the crippled man listen as he spoke?	9	C	Barnabas	Peter	Paul	Silas	
Act	14	12	Looking intently at the crippled man at Lystra, what did Paul see that he had?	9	B	Money to give	Faith to be made well	Fear of the crowd	Knowledge of the law	
Act	14	13	What did Paul say in a loud voice to the crippled man at Lystra?	10	C	Your sins are forgiven you	Be healed of your affliction	Stand upright on your feet	Fetch me my sandals	
Act	14	14	After Paul spoke to him, what did the crippled man at Lystra do?	10	A	He sprang up and began walking	He wept and prayed	He fell down as though dead	He fled in fear	
Act	14	15	When the crowds at Lystra saw what Paul had done, what did they cry out?	11	B	A great prophet has arisen among us!	The gods have come down to us in the likeness of men!	The kingdom of God has come near!	The magicians have deceived us!	
Act	14	16	In what language did the crowds at Lystra lift up their voices?	11	D	Greek	Hebrew	Latin	Lycaonian	
Act	14	17	At Lystra, whom did the crowds call Zeus?	12	A	Barnabas	Paul	The priest	The crippled man	
Act	14	18	Why did the crowds at Lystra call Paul Hermes?	12	D	Because he had healed the man	Because he was the elder of the two	Because he wore a crown	Because he was the chief speaker	
Act	14	19	Which of the following is true about what happened at Lystra when Paul healed the man crippled from birth?	8-12	B	Paul told the crippled man to take up his bed and walk.	The crowds called Barnabas Zeus, and Paul they called Hermes.	The crowds called Paul Zeus because he was the chief speaker.	All of the above	
Act	14	20	At Lystra, who brought oxen and garlands to the gates, wanting to offer sacrifice?	13	A	The priest of Zeus	The priest of Hermes	The rulers of the city	The elders of the church	
Act	14	21	What did the priest of Zeus bring to the gates at Lystra?	13	B	Gold and silver	Oxen and garlands	Bread and wine	A marching band and confetti	
Act	14	22	When Barnabas and Paul heard that the crowd meant to sacrifice to them, what did they do to their garments?	14	C	They folded their garments	They exchanged their garments	They tore their garments	They removed their garments	
Act	14	23	In their address at Lystra, Paul and Barnabas said the living God made which of these?	15	D	The heaven	The earth	The sea	All of the above	
Act	14	24	How did Barnabas and Paul describe themselves to the crowd at Lystra?	15	B	Servants of Zeus	Men, of like nature with you	Messengers sent from heaven	Prophets of Israel	
Act	14	25	In their speech at Lystra, what did Paul and Barnabas say God had allowed in past generations?	16	D	He gave the law to all the nations	He judged all the nations	He gathered all the nations to himself	He allowed all the nations to walk in their own ways	
Act	14	26	According to the speech at Lystra, God bore witness to himself by doing good through which of these?	17	D	Giving rains from heaven	Giving fruitful seasons	Satisfying hearts with food and gladness	All of the above	
Act	14	27	In their address at Lystra, Paul and Barnabas said God did not leave himself without what?	17	D	Without a temple	Without a law	Without a king	Without witness	
Act	14	28	Even with these words, what did Paul and Barnabas scarcely do at Lystra?	18	D	Convinced the people to believe	Calmed the people from rioting	Stopped the people from stoning them	Restrained the people from offering sacrifice to them	
Act	14	29	Who came from Antioch and Iconium and persuaded the crowds at Lystra?	19	B	Gentiles	Jews	Priests	Rulers	
Act	14	30	At Lystra, what did the persuaded crowds do to Paul, supposing he was dead?	19	A	They stoned him and dragged him out of the city	They beat him and imprisoned him	They flogged him and released him	They bound him and took him to court	
Act	14	31	After the disciples gathered about Paul at Lystra, what did he do?	20	B	He fled the region	He rose up and entered the city	He died of his wounds	He was carried away on a bed	
Act	14	32	On the next day, to what city did Paul go with Barnabas?	20	B	Iconium	Derbe	Lystra	Antioch	
Act	14	33	After preaching the gospel at Derbe, what had Paul and Barnabas made many of?	21	C	Priests	Elders	Disciples	Converts to the law	
Act	14	34	After Derbe, to which cities did Paul and Barnabas return?	21	D	Lystra	Iconium	Antioch	All of the above	
Act	14	35	As they strengthened the disciples, Paul and Barnabas said that through what must we enter the kingdom of God?	22	A	Many tribulations	Great signs	Much wealth	A leisurely stroll	
Act	14	36	As they strengthened the souls of the disciples, what did Paul and Barnabas encourage them to do?	22	D	To keep the law of Moses	To flee from persecution	To build new temples	To continue in the faith	
Act	14	37	When Paul and Barnabas appointed elders in every church, with what did they commit them to the Lord?	23	D	Signs and wonders	Oxen and garlands	Songs and offerings	Prayer and fasting	
Act	14	38	Whom did Paul and Barnabas appoint for the disciples in every church?	23	B	Priests	Elders	Deacons	Apostles	
Act	14	39	Through what region did Paul and Barnabas pass before coming to Pamphylia?	24	A	Pisidia	Lycaonia	Galatia	Cilicia	
Act	14	40	In what city did Paul and Barnabas speak the word before going down to Attalia?	25	C	Lystra	Derbe	Perga	Iconium	
Act	14	41	At Antioch, to what had Paul and Barnabas been commended for the work that they had fulfilled?	26	B	The law of Moses	The grace of God	The temple of God	The apostles in Jerusalem	
Act	14	42	When Paul and Barnabas gathered the church at Antioch, they declared that God had opened a door of faith to whom?	27	C	The Jews	The Greeks	The Gentiles	The Samaritans	
Act	14	43	How long did Paul and Barnabas remain with the disciples at Antioch?	28	C	Three days	A single night	No little time	Just long enough for supper	
Act	15	1	Some men who taught the brothers that they must be circumcised to be saved came down from where?	1	C	Galilee	Cyprus	Judea	Cilicia	
Act	15	2	The men said the brothers had to be circumcised according to the custom of whom?	1	B	Abraham	Moses	Aaron	David	
Act	15	3	According to the men from Judea, what could the brothers not do unless they were circumcised?	1	D	enter the synagogue	receive the Spirit	be baptized	be saved	
Act	15	4	Who had no small dissension and debate with the men teaching that circumcision was required?	2	B	Peter and John	Paul and Barnabas	Judas and Silas	James and Simeon	
Act	15	5	Paul and Barnabas were appointed to go up to which city about this question?	2	D	Antioch	Caesarea	Damascus	Jerusalem	
Act	15	6	In Jerusalem, to whom were they appointed to go about this question?	2	A	the apostles and the elders	the priests and scribes	the Pharisees and Sadducees	the whole synagogue	
Act	15	7	On their way to Jerusalem, through which two regions did Paul and Barnabas pass?	3	C	Galilee and Judea	Syria and Cilicia	Phoenicia and Samaria	Pamphylia and Pisidia	
Act	15	8	As they passed through Phoenicia and Samaria, what did they describe in detail?	3	C	the persecution in Jerusalem	the visions of Peter	the conversion of the Gentiles	the death of Stephen	
Act	15	9	To whom did their report of the Gentiles' conversion bring great joy?	3	C	the elders alone	the scribes of Jerusalem	all the brothers	the Antioch merchants' guild	
Act	15	10	When Paul and Barnabas came to Jerusalem, who welcomed them?	4	D	the church	the apostles	the elders	All of the above	
Act	15	11	When they were welcomed at Jerusalem, what did Paul and Barnabas declare?	4	B	the customs of Moses	all that God had done with them	the sufferings of the apostles	the requirements of the law	
Act	15	12	Believers belonging to which party rose up saying the Gentiles must be circumcised?	5	A	the Pharisees	the Sadducees	the Herodians	the Nazarenes	
Act	15	13	The believers who rose up said the Gentiles must be ordered to keep whose law?	5	A	Moses	the prophets	Abraham	the elders	
Act	15	14	Who were gathered together to consider this matter?	6	D	the priests and the Levites	the scribes and the Pharisees	the deacons and the widows	the apostles and the elders	
Act	15	15	After there had been much debate, who stood up and addressed the gathering?	7	D	James	Paul	Barnabas	Peter	
Act	15	16	Peter said that God made a choice among them in what period, that the Gentiles should hear the gospel by his mouth?	7	A	in the early days	in the last days	in the fullness of time	in the coming age	
Act	15	17	Peter said God, who knows what, bore witness to the Gentiles?	8	D	all secrets	the future	every deed	the heart	
Act	15	18	According to Peter, how did God bear witness to the Gentiles?	8	A	by giving them the Holy Spirit	by sending an angel	by opening prison doors	by a great earthquake	
Act	15	19	Peter said God made no distinction between us and them, having cleansed their hearts by what?	9	D	the law	circumcision	water	faith	
Act	15	20	Peter asked why they were putting God to the test by placing what on the neck of the disciples?	10	C	a heavy chain	a burden of stones	a yoke	a wet ox-collar	
Act	15	21	Peter said the yoke was one that neither their fathers nor they had been able to do what?	10	A	bear	lift	carry	forge	
Act	15	22	Peter said they believe they will be saved through what?	11	D	the law of Moses	the works of the fathers	the rite of circumcision	the grace of the Lord Jesus	
Act	15	23	After Peter spoke, what did all the assembly do?	12	A	fell silent	rose to their feet	began to argue	sang a psalm	
Act	15	24	After Peter spoke, to whom did the assembly listen as they related what God had done among the Gentiles?	12	B	Judas and Silas	Barnabas and Paul	Peter and James	Simeon and Mark	
Act	15	25	What did Barnabas and Paul relate that God had done through them among the Gentiles?	12	C	great debates	many baptisms	signs and wonders	parades and feasts	
Act	15	26	After Barnabas and Paul finished speaking, who replied, 'Brothers, listen to me'?	13	A	James	Peter	Silas	Judas	
Act	15	27	James said that who had related how God first visited the Gentiles?	14	D	Silas	Stephen	Simon the tanner	Simeon	
Act	15	28	According to James, God first visited the Gentiles to take from them what?	14	D	a tribe for the temple	a remnant of Israel	an army for battle	a people for his name	
Act	15	29	James said the words of whom agree with this?	15	C	the elders	Moses	the prophets	the apostles	
Act	15	30	In the quotation James cited, what will be rebuilt that has fallen?	16	B	the temple of Solomon	the tent of David	the walls of Jerusalem	the house of Israel	
Act	15	31	In the quotation, the rebuilding is so that the remnant of mankind may do what?	17	C	keep the law	rebuild the temple	seek the Lord	fear the prophets	
Act	15	32	In the quotation James cited, the Lord who makes these things is said to have made them known when?	18	C	in the last days	in the fullness of time	from of old	at the appointed hour	
Act	15	33	James's judgment was that they should not do what to the Gentiles who turn to God?	19	D	circumcise them	baptize them	examine them	trouble them	
Act	15	34	In his judgment, from which things did James say the Gentiles should abstain?	20	D	the things polluted by idols	sexual immorality	what has been strangled	All of the above	
Act	15	35	James said the Gentiles should abstain from things polluted by what?	20	C	blood offerings	pagan feasts	idols	foreign kings	
Act	15	36	James said that Moses is read every what in the synagogues?	21	C	morning	new moon	Sabbath	feast day	
Act	15	37	The Jerusalem council chose to send men to which city with Paul and Barnabas?	22	B	Tarsus	Antioch	Iconium	Ephesus	
Act	15	38	Which two leading men were sent to Antioch with Paul and Barnabas?	22	A	Judas called Barsabbas and Silas	John and Mark	Simeon and Lucius	Titus and Timothy	
Act	15	39	The Judas who was sent to Antioch was also called what?	22	A	Barsabbas	Barnabas	Barabbas	Bartholomew the Tentmaker	
Act	15	40	The letter was addressed to the brothers who are of the Gentiles in which places?	23	D	Antioch	Syria	Cilicia	All of the above	
Act	15	41	According to its greeting, who wrote the letter?	23	B	Paul and Barnabas	the brothers, both the apostles and the elders	the party of the Pharisees	the prophets of Antioch	
Act	15	42	The letter said some persons had gone out and troubled the Gentiles with what?	24	D	threats	letters	demands	words	
Act	15	43	The letter said that they had given those persons what?	24	A	no instructions	strict orders	a letter of authority	the right hand of fellowship	
Act	15	44	The letter said they had come to what before choosing men to send?	25	B	a long dispute	one accord	a solemn vow	a great fast	
Act	15	45	The letter described Barnabas and Paul as men who had risked what for the name of the Lord Jesus Christ?	26	C	their homes	their wealth	their lives	their reputations	
Act	15	46	According to the letter, whom had they sent to tell the Gentiles the same things by word of mouth?	27	D	Paul and Barnabas	Simeon and Lucius	John and Mark	Judas and Silas	
Act	15	47	The letter said that Judas and Silas would themselves tell the Gentiles the same things by what means?	27	B	by a sealed scroll	by word of mouth	by a second letter	by carrier pigeon	
Act	15	48	The letter said it had seemed good to lay on them no greater burden, to whom along with the apostles and elders?	28	B	the prophets	the Holy Spirit	the party of the Pharisees	the whole congregation	
Act	15	49	The letter said it seemed good to lay on them no greater burden than what?	28	A	these requirements	the law of Moses	the yoke of the fathers	the customs of Judea	
Act	15	50	The letter's requirements told the Gentiles to abstain from which things?	29	D	what has been sacrificed to idols	blood	sexual immorality	All of the above	
Act	15	51	The letter said that if they kept themselves from these things, they would do what?	29	C	be circumcised	inherit the law	do well	receive a golden crown	
Act	15	52	With what single word did the letter end?	29	D	Amen	Peace	Grace	Farewell	
Act	15	53	Which of the following is true about the letter sent from the apostles and the elders in Jerusalem to the Gentile believers?	22-29	C	It required the Gentiles to be circumcised according to the custom of Moses.	It was carried to Antioch by Peter and James.	It told them to abstain from what has been sacrificed to idols, from blood, from what has been strangled, and from sexual immorality.	All of the above	
Act	15	54	When they were sent off, they went down to which city and delivered the letter?	30	C	Jerusalem	Caesarea	Antioch	Tarsus	
Act	15	55	After gathering the congregation together, what did they deliver?	30	B	the offering	the letter	a sermon	the elders' decree	
Act	15	56	When the congregation had read the letter, why did they rejoice?	31	B	because of its warning	because of its encouragement	because of its brevity	because of its greeting	
Act	15	57	Judas and Silas are described as themselves being what?	32	C	apostles	elders	prophets	scribes	
Act	15	58	After spending some time, Judas and Silas were sent off in what by the brothers?	33	D	haste	secret	chains	peace	
Act	15	59	According to a verse that some manuscripts insert as Acts 15:34, to whom did it seem good to remain there?	34	D	Judas called Barsabbas	Barnabas	John called Mark	Silas	
Act	15	60	Paul and Barnabas remained in Antioch doing what, with many others also?	35	D	healing the sick	building the church	collecting the offering	teaching and preaching the word of the Lord	
Act	15	61	Paul proposed to Barnabas that they return and visit the brothers where?	36	B	in every synagogue of Judea	in every city where they proclaimed the word of the Lord	in every port of Cyprus	in every household of Antioch	
Act	15	62	Whom did Barnabas want to take with them on the return journey?	37	A	John called Mark	Judas called Barsabbas	Simeon called Niger	Joseph called Justus	
Act	15	63	Paul did not want to take John Mark because he had withdrawn from them in which place?	38	A	Pamphylia	Perga	Pisidia	Cyprus	
Act	15	64	Paul objected that John Mark had withdrawn and had not gone with them to what?	38	B	the council	the work	the shore	the synagogue	
Act	15	65	What arose between Paul and Barnabas over John Mark, so that they separated?	39	B	a quiet misunderstanding	a sharp disagreement	a formal trial	a friendly wager	
Act	15	66	After separating from Paul, Barnabas took Mark and sailed away to which place?	39	B	Cilicia	Cyprus	Crete	the lost isle of Atlantis	
Act	15	67	Whom did Paul choose to depart with him?	40	A	Silas	Judas	Timothy	Titus	
Act	15	68	Paul and his companion were commended by the brothers to what?	40	A	the grace of the Lord	the law of Moses	the care of the elders	the prayers of the church	
Act	15	69	Paul went through Syria and Cilicia doing what?	41	A	strengthening the churches	appointing the elders	collecting the offering	baptizing the disciples	
Act	15	70	Through which two regions did Paul go, strengthening the churches?	41	D	Phoenicia and Samaria	Pamphylia and Pisidia	Galatia and Phrygia	Syria and Cilicia	
Act	16	1	In Acts 16, what was the name of the disciple Paul found at Lystra, the son of a Jewish woman who was a believer?	1	A	Timothy	Titus	Silas	Trophimus	
Act	16	2	Timothy was the son of a Jewish woman who was described as what?	1	C	A widow	A Pharisee	A believer	A prophetess	
Act	16	3	According to Acts 16, what was the nationality of Timothy's father?	1	C	A Roman	An Egyptian	A Greek	A Syrian	
Act	16	4	Timothy was well spoken of by the brothers at Lystra and which other city?	2	A	Iconium	Antioch	Derbe	Thyatira	
Act	16	5	What did Paul do to Timothy so that he could accompany him?	3	D	Baptized him	Anointed him with oil	Laid hands on him	Circumcised him	
Act	16	6	Why did Paul circumcise Timothy?	3	C	Because the elders in Jerusalem commanded it	Because a vision told him to	Because of the Jews who were in those places	Because Timothy's mother requested it	
Act	16	7	As they went through the cities, what did they deliver to the people for observance?	4	C	The letters written by the prophets	The teachings of the Pharisees	The decisions that had been reached by the apostles and elders	The customs of the Greeks	
Act	16	8	In Acts 16, the apostles and elders who reached the decisions were in which city?	4	C	Antioch	Philippi	Jerusalem	Troas	
Act	16	9	According to Acts 16, how often did the churches increase in numbers?	5	B	Weekly	Daily	On the Sabbath	At every Passover	
Act	16	10	Paul and his companions were forbidden by the Holy Spirit to speak the word in which region?	6	B	Galatia	Asia	Macedonia	Bithynia	
Act	16	11	Who forbade Paul and his companions to speak the word in Asia?	6	C	The apostles in Jerusalem	The magistrates	The Holy Spirit	A man of Macedonia	
Act	16	12	Through which region did Paul and his companions go after being forbidden to speak in Asia?	6	B	Mysia and Bithynia	Phrygia and Galatia	Judea and Samaria	Cilicia and Pamphylia	
Act	16	13	When they came up to Mysia, which region did they attempt to go into?	7	B	Asia	Bithynia	Macedonia	Achaia	
Act	16	14	Who did not allow Paul and his companions to go into Bithynia?	7	D	The rulers of the city	The Jews of Iconium	An angel of the Lord	The Spirit of Jesus	
Act	16	15	Passing by Mysia, to which city did Paul and his companions go down?	8	C	Neapolis	Samothrace	Troas	Philippi	
Act	16	16	In the vision that appeared to Paul in the night, who was standing there urging him?	9	C	An angel of the Lord	A man of Bithynia	A man of Macedonia	The Spirit of Jesus	
Act	16	17	In Paul's night vision, what did the man of Macedonia say?	9	C	Do not go into Asia	Return to Jerusalem at once	Come over to Macedonia and help us	Preach the gospel in Bithynia	
Act	16	18	After Paul saw the vision, what did they conclude?	10	D	That they should return to Troas	That the Spirit was testing them	That they must wait for the apostles	That God had called them to preach the gospel to the Macedonians	
Act	16	19	On the voyage from Troas, which of these places did Paul and his companions come to?	11-12	D	Samothrace	Neapolis	Philippi	All of the above	
Act	16	20	Philippi is described as a leading city of the district of Macedonia and what else?	12	C	A free city	A place of prayer	A Roman colony	A seaport of Asia	
Act	16	21	On the Sabbath day at Philippi, where did Paul and his companions go supposing there was a place of prayer?	13	B	Into the synagogue	Outside the gate to the riverside	Up to the temple	Before the magistrates	
Act	16	22	At the riverside place of prayer, to whom did Paul and his companions speak?	13	B	The elders of the city	The women who had come together	The Roman soldiers	The Jewish rulers	
Act	16	23	What was the name of the woman from Thyatira, a seller of purple goods, who heard Paul?	14	C	Priscilla	Dorcas	Lydia	Damaris	
Act	16	24	Lydia of Thyatira was a seller of what?	14	A	Purple goods	Fine linen	Silver shrines	Novelty sundials	
Act	16	25	Who opened Lydia's heart to pay attention to what was said by Paul?	14	A	The Lord	The Spirit of Jesus	An angel	Paul himself	
Act	16	26	Which of these describe Lydia in Acts 16?	14	D	She was from the city of Thyatira	She was a seller of purple goods	She was a worshiper of God	All of the above	
Act	16	27	Which of the following is true about Lydia, the woman who heard Paul at the riverside place of prayer at Philippi?	14	C	She was a slave girl who had a spirit of divination	She was the wife of the Philippian jailer	She was a seller of purple goods from the city of Thyatira	All of the above	
Act	16	28	After Lydia and her household were baptized, what did she urge Paul and his companions to do?	15	A	Come to her house and stay	Leave the city in peace	Speak to the magistrates	Return to Troas	
Act	16	29	The slave girl who met them on the way to the place of prayer had a spirit of what?	16	B	An unclean spirit	Divination	A spirit of prophecy	A deaf and mute spirit	
Act	16	30	How did the slave girl bring her owners much gain?	16	A	By fortune-telling	By selling purple goods	By making handmade sandals	By weaving tents	
Act	16	31	Following Paul, the slave girl cried out that these men are servants of whom?	17	B	The God of Abraham	The Most High God	The living God	The unknown god	
Act	16	32	The slave girl cried out that Paul and his companions proclaim what?	17	C	The kingdom of God	The resurrection of the dead	The way of salvation	The forgiveness of sins	
Act	16	33	In whose name did Paul command the spirit to come out of the slave girl?	18	A	Jesus Christ	The Most High God	The Lord of hosts	The God of Israel	
Act	16	34	When did the spirit come out of the slave girl?	18	A	That very hour	After three days	On the next Sabbath	At midnight	
Act	16	35	When the slave girl's owners saw their hope of gain was gone, whom did they seize?	19	B	Paul and Timothy	Paul and Silas	Timothy and Luke	Lydia and her household	
Act	16	36	Where did the owners drag Paul and Silas before the rulers?	19	B	Into the synagogue	Into the marketplace	Into the inner prison	To the riverside	
Act	16	37	When the owners had dragged Paul and Silas in, to whom did they bring them?	20	B	The tribune	The magistrates	The council	The high priest	
Act	16	38	What did the owners accuse Paul and Silas of doing to the city?	20	C	Robbing its temple	Burning its houses	Disturbing it	Stirring up the soldiers	
Act	16	39	According to the accusation, the customs Paul and Silas advocated were not lawful for whom to accept or practice?	21	A	Romans	Greeks	Jews	Macedonians	
Act	16	40	With what did the magistrates give orders to beat Paul and Silas?	22	C	Whips	Wet noodles	Rods	Stones	
Act	16	41	When the crowd joined in attacking them, what did the magistrates tear off Paul and Silas?	22	C	Their sandals	Their chains	Their garments	Their beards	
Act	16	42	After inflicting many blows, where did they put Paul and Silas?	23	C	Into the marketplace	Before the tribune	Into prison	Out of the city	
Act	16	43	Where did the jailer put Paul and Silas after receiving his order?	24	D	The city gate	The outer courtyard	The place of prayer	The inner prison	
Act	16	44	In what did the jailer fasten the feet of Paul and Silas?	24	C	A comfy hammock	Iron chains	The stocks	The wine press	
Act	16	45	About what time were Paul and Silas praying and singing hymns to God in the prison?	25	D	Dawn	The ninth hour	Sunset	Midnight	
Act	16	46	While Paul and Silas were singing hymns in prison, who was listening to them?	25	C	The magistrates	The police	The prisoners	The slave girl	
Act	16	47	What suddenly happened at the prison while Paul and Silas were praying at midnight?	26	C	A blinding light	A rushing wind	A great earthquake	A loud thunder	
Act	16	48	What happened to the doors of the prison after the earthquake?	26	D	The doors were bolted shut	The doors caught fire	The doors collapsed inward	All the doors were opened	
Act	16	49	Which of the following is true about what happened at the Philippian prison about midnight while Paul and Silas were praying and singing?	26	A	There was a great earthquake so that the foundations of the prison were shaken	An angel of the Lord opened the prison doors and led Paul out by the hand	Paul and Silas slipped away while the jailer was sleeping	All of the above	
Act	16	50	When the jailer woke and saw the prison doors open, what was he about to do, supposing the prisoners had escaped?	27	C	Flee the city	Call for the magistrates	Kill himself	Sound the alarm	
Act	16	51	What did the jailer draw when he saw the prison doors open?	27	D	His keys	His staff	His shield	His sword	
Act	16	52	What did Paul cry with a loud voice to the jailer?	28	A	Do not harm yourself, for we are all here	Believe and you will be saved	Open the doors, for we are free	Fear not, an angel has come	
Act	16	53	What did the jailer call for as he rushed in trembling?	29	A	Lights	A pot of coffee	His fellow guards	A physician	
Act	16	54	Trembling with fear, before whom did the jailer fall down?	29	A	Paul and Silas	The magistrates	The prisoners	Lydia and her household	
Act	16	55	What did the jailer ask when he brought Paul and Silas out?	30	D	Sirs, how did the doors open?	Sirs, who sent this earthquake?	Sirs, where will you go now?	Sirs, what must I do to be saved?	
Act	16	56	How did Paul and Silas answer the jailer's question about being saved?	31	D	Repent and be baptized every one of you	Sell all you have and follow us	Keep the decisions of the apostles and elders	Believe in the Lord Jesus, and you will be saved	
Act	16	57	After telling the jailer to believe in the Lord Jesus, what did Paul and Silas speak to him and all who were in his house?	32	A	The word of the Lord	The way of salvation	The decisions of the apostles and elders	A hymn of praise	
Act	16	58	To whom did Paul and Silas speak the word of the Lord in the jailer's house?	32	B	To the magistrates and the police	To him and to all who were in his house	To Lydia and her household	To the prisoners in the inner prison	
Act	16	59	That same hour of the night, what did the jailer do for Paul and Silas?	33	C	Loosed their chains	Anointed their heads	Washed their wounds	Bound their feet	
Act	16	60	When was the jailer baptized?	33	A	At once	On the next Sabbath	After forty days	At the following Passover	
Act	16	61	After bringing them up into his house, what did the jailer set before Paul and Silas?	34	C	A basin of water	Gifts of silver	Food	A scroll of the law	
Act	16	62	The jailer rejoiced along with his entire household that he had believed in whom?	34	D	The magistrates	Paul and Silas	The prophets	God	
Act	16	63	When it was day, whom did the magistrates send with the message to let the men go?	35	B	The tribune	The police	The elders	The centurion	
Act	16	64	When the jailer reported the magistrates' words to Paul, what did he say the magistrates had sent to do?	36	A	To let them go	To beat them again	To bring them before the council	To keep them in the inner prison	
Act	16	65	In his report to Paul, the jailer said to come out now and do what?	36	C	Flee the city at once	Return to the magistrates	Go in peace	Wait for the police	
Act	16	66	In protesting to the police, of which of these did Paul complain?	37	D	They had been beaten publicly	They were uncondemned	They had been thrown into prison	All of the above	
Act	16	67	Paul objected that he and Silas had been beaten publicly even though they were what?	37	C	Servants of the Most High God	Elders of the church	Roman citizens	Men of Macedonia	
Act	16	68	How did the magistrates react when they heard that Paul and Silas were Roman citizens?	38	C	They were furious	They rejoiced	They were afraid	They mocked them	
Act	16	69	What did the magistrates do when they came to Paul and Silas?	39	C	Beat them again	Imprisoned them once more	Apologized to them	Rewarded them with silver	
Act	16	70	After leaving the prison, whom did Paul and Silas visit before departing?	40	D	Timothy	The jailer	The magistrates	Lydia	
Act	17	1	After passing through Amphipolis and Apollonia, to what city did Paul and his companions come?	1	B	Berea	Thessalonica	Corinth	Ephesus	
Act	17	2	Which two towns did Paul and his companions pass through on the way to Thessalonica?	1	A	Amphipolis and Apollonia	Lystra and Derbe	Perga and Attalia	Paphos and Salamis	
Act	17	3	For how many Sabbath days did Paul reason with the people in the synagogue at Thessalonica?	2	D	Seven	Two	Forty	Three	
Act	17	4	In the Thessalonian synagogue, from what did Paul reason with the people, as was his custom?	2	D	The decrees of Caesar	The Greek poets	His own letters	The Scriptures	
Act	17	5	At Thessalonica, Paul explained and proved that it was necessary for the Christ to do what?	3	A	To suffer and to rise from the dead	To reign in Jerusalem	To gather the twelve tribes	To rebuild the temple	
Act	17	6	Paul declared, 'This Jesus, whom I proclaim to you, is the ___.' Fill in the blank.	3	C	Prophet	Lord of the Sabbath	Christ	Son of David	
Act	17	7	Besides devout Greeks, which group joined Paul and Silas at Thessalonica?	4	C	Several Roman soldiers	Many temple priests	Not a few of the leading women	A number of tax collectors	
Act	17	8	At Thessalonica, a great many of what group of people were persuaded and joined Paul and Silas?	4	A	The devout Greeks	The Roman centurions	The Samaritans	The Ethiopians	
Act	17	9	When the jealous Jews formed a mob, whose house did they attack seeking Paul and Silas?	5	D	Lydia's house	Simon the tanner's house	Cornelius's house	Jason's house	
Act	17	10	Taking wicked men of the rabble and forming a mob, what did the jealous Jews do to the city of Thessalonica?	5	A	Set the city in an uproar	Locked the city gates	Burned the marketplace	Sealed the synagogue	
Act	17	11	Unable to find Paul and Silas, whom did the mob drag before the city authorities of Thessalonica?	6	D	Silas and Timothy	The rulers of the synagogue	The devout Greek women	Jason and some of the brothers	
Act	17	12	The mob shouted that Paul and his companions were men who had turned the world how?	6	B	Against Rome	Upside down	Inside out	Toward destruction	
Act	17	13	At Thessalonica, the accusers said Paul and his companions were acting against the decrees of whom?	7	A	Caesar	The high priest	Herod	The Areopagus	
Act	17	14	The accusers charged that Paul's group said there is another king. Whom did they name?	7	B	Herod	Jesus	Theudas	Judas the Galilean	
Act	17	15	At Thessalonica, who were disturbed when they heard the crowd's accusations against Paul's companions?	8	A	The people and the city authorities	The rulers of the synagogue	The soldiers of the garrison	The elders of Berea	
Act	17	16	When the people and the city authorities of Thessalonica heard these things, how did they respond?	8	B	They rejoiced greatly	They were disturbed	They fell silent in fear	They fled the city	
Act	17	17	What did the Thessalonian authorities take from Jason and the rest before letting them go?	9	A	Money as security	An oath of silence	Their traveling cloaks	A wheelbarrow of figs	
Act	17	18	To what city did the brothers send Paul and Silas away by night from Thessalonica?	10	B	Athens	Berea	Antioch	Philippi	
Act	17	19	The Bereans were said to be more what than the people of Thessalonica?	11	D	Numerous	Fearful	Wealthy	Noble	
Act	17	20	How often did the Bereans examine the Scriptures to see if these things were so?	11	C	Weekly	On feast days only	Daily	Once every leap year	
Act	17	21	With what did the Bereans receive the word?	11	B	Great suspicion	All eagerness	Silent contempt	Open mockery	
Act	17	22	Which of the following is true about the Jews in Berea, who were more noble than those in Thessalonica?	11	B	They formed a mob and attacked the house of Jason	They examined the Scriptures daily to see if these things were so	They mocked as soon as they heard of the resurrection of the dead	All of the above	
Act	17	23	At Berea, besides many men, which group believed?	12	B	Roman officials	Greek women of high standing	Egyptian merchants	Temple servants	
Act	17	24	Who came to Berea to agitate and stir up the crowds against Paul?	13	B	The philosophers from Athens	The Jews from Thessalonica	The elders from Jerusalem	The Epicureans from Corinth	
Act	17	25	When trouble came to Berea, on what way did the brothers immediately send Paul off?	14	B	Back to Jerusalem	On his way to the sea	Up into the mountains	Toward the desert	
Act	17	26	Who remained behind in Berea when Paul was sent off toward the sea?	14	B	Jason and Aristarchus	Silas and Timothy	Barnabas and Mark	Peter and John	
Act	17	27	To what city did those conducting Paul bring him after he left Berea?	15	D	Corinth	Rome	Antioch	Athens	
Act	17	28	From Athens, Paul sent back a command for whom to come to him as soon as possible?	15	A	Silas and Timothy	Barnabas and Mark	Jason and the brothers	Priscilla and Aquila	
Act	17	29	While waiting at Athens, Paul's spirit was provoked because the city was full of what?	16	A	Idols	Soldiers	Beggars	Traffic and taxicabs	
Act	17	30	Besides the synagogue, where at Athens did Paul reason every day with those who happened to be there?	17	A	The marketplace	The temple courts	The harbor	The theater	
Act	17	31	Which two kinds of philosophers conversed with Paul at Athens?	18	B	Pharisee and Sadducee	Epicurean and Stoic	Cynic and Skeptic	Platonist and Sophist	
Act	17	32	What did some of the philosophers at Athens call Paul, asking what he wished to say?	18	B	A sorcerer	A babbler	A false prophet	A tax collector	
Act	17	33	Others at Athens said Paul seemed to be a preacher of what?	18	B	Secret mysteries	Foreign divinities	Roman law	Hidden treasure	
Act	17	34	The philosophers reacted this way because Paul was preaching Jesus and what?	18	C	The kingdom of Rome	The end of the age	The resurrection	The law of Moses	
Act	17	35	To what place did they take Paul, asking to know his new teaching?	19	B	The synagogue	The Areopagus	The Sanhedrin	The Acropolis temple	
Act	17	36	At the Areopagus, the Athenians told Paul he was bringing what to their ears?	20	D	Words of comfort	News of a war	A royal decree	Some strange things	
Act	17	37	At the Areopagus, the Athenians said they wished to know what about Paul's strange teaching?	20	D	Where it came from	Who had sent him	How much it would cost	What these things mean	
Act	17	38	According to the text, how did the Athenians and foreigners there spend their time?	21	D	Trading in the harbor	Offering daily sacrifices	Balancing the city budget	Telling or hearing something new	
Act	17	39	Standing in the Areopagus, Paul said he perceived that the men of Athens were in every way what?	22	B	Very wise	Very religious	Very fearful	Very generous	
Act	17	40	What inscription did Paul say he found on an altar at Athens?	23	D	To the god of the sea	To Caesar the divine	To the god of wisdom	To the unknown god	
Act	17	41	Which of the following is true about what Paul observed and proclaimed in Athens when he stood in the midst of the Areopagus?	23	C	He reasoned there on three Sabbath days from the Scriptures	He healed a man who was lame from birth in front of the crowd	He had found an altar with the inscription 'To the unknown god'	All of the above	
Act	17	42	Paul said the God who made the world and everything in it does not live in what?	24	C	The heights of Olympus	Groves of sacred trees	Temples made by man	Carved images of gold	
Act	17	43	At the Areopagus, Paul said God himself gives to all mankind which of these?	25	D	Life	Breath	Everything	All of the above	
Act	17	44	Paul said God made from one man every nation of mankind to live where?	26	C	Within the borders of Greece	Among the seven hills	On all the face of the earth	In the promised land	
Act	17	45	According to Paul, God determined allotted periods and what else for the nations?	26	A	The boundaries of their dwelling place	The number of their armies	The length of their kings' reigns	The measure of their wealth	
Act	17	46	Paul said God appointed these things so that people should do what?	27	D	Fear the emperor	Build many altars	Honor the philosophers	Seek God	
Act	17	47	Quoting the poets, Paul said that in God we do which of these?	28	D	Live	Move	Have our being	All of the above	
Act	17	48	Being God's offspring, Paul said we ought not think the divine being is like which of these?	29	D	Gold	Silver	Stone	All of the above	
Act	17	49	Paul said we should not think the divine being is like an image formed by what?	29	C	The decree of the council	The wisdom of the poets	The art and imagination of man	The hands of the priests	
Act	17	50	Paul said that the times of ignorance God did what?	30	B	Judged at once	Overlooked	Recorded in a book	Repaid in full	
Act	17	51	Paul said God now commands all people everywhere to do what?	30	C	Be circumcised	Offer sacrifices	Repent	Keep the Sabbath	
Act	17	52	Paul said God has fixed a day on which he will judge the world in what?	31	C	Fire	Secret	Righteousness	Mercy alone	
Act	17	53	How did God give assurance to all concerning the man he appointed to judge the world?	31	A	By raising him from the dead	By a voice from heaven	By signs in the sky	By the mouth of the prophets	
Act	17	54	When they heard Paul speak of the resurrection of the dead at Athens, what did some do?	32	A	Mocked	Believed at once	Wept aloud	Fled the Areopagus	
Act	17	55	After speaking at the Areopagus, what did Paul do?	33	D	He was arrested by the guards	He remained to debate them	He returned to the synagogue	He went out from their midst	
Act	17	56	Which member of the Areopagus is named among those who joined Paul and believed at Athens?	34	D	Jason of Thessalonica	Publius the chief man	Sopater of Berea	Dionysius the Areopagite	
Act	17	57	What was the name of the woman who believed along with those who joined Paul at Athens?	34	A	Damaris	Lydia	Priscilla	Tabitha	
Act	18	1	To what city did Paul go after leaving Athens?	1	A	Corinth	Ephesus	Antioch	Thessalonica	
Act	18	2	What was the name of the Jew Paul found when he came to Corinth?	2	C	Apollos	Crispus	Aquila	Sosthenes	
Act	18	3	Of what place was Aquila a native?	2	C	Alexandria	Cyprus	Pontus	Cilicia	
Act	18	4	What was the name of Aquila's wife?	2	A	Priscilla	Lydia	Damaris	Phoebe	
Act	18	5	Who had commanded all the Jews to leave Rome?	2	C	Gallio	Caesar Augustus	Claudius	Herod	
Act	18	6	What was the trade of Paul, Aquila, and Priscilla?	3	D	Fishermen	Carpenters	Professional camel groomers	Tentmakers	
Act	18	7	Where did Paul reason every Sabbath at Corinth?	4	A	In the synagogue	In the marketplace	By the riverside	At the tribunal	
Act	18	8	In the synagogue at Corinth, whom did Paul try to persuade every Sabbath?	4	A	Jews and Greeks	Jews and Romans	Greeks and Gentiles	Pharisees and Sadducees	
Act	18	9	Who arrived from Macedonia to join Paul at Corinth?	5	B	Barnabas and Mark	Silas and Timothy	Titus and Luke	Aquila and Priscilla	
Act	18	10	When Silas and Timothy arrived at Corinth, with what was Paul occupied?	5	B	Making tents	The word	A Nazirite vow	The baptism of John	
Act	18	11	When the Jews at Corinth opposed and reviled Paul, what did he do?	6	C	He shook the dust from his feet	He tore his robe	He shook out his garments	He departed for Jerusalem	
Act	18	12	After the Jews at Corinth opposed him, to whom did Paul say he would go from then on?	6	D	The Greeks	The Samaritans	The Romans	The Gentiles	
Act	18	13	To whose house did Paul go after leaving the synagogue at Corinth?	7	D	Crispus	Jason	Aquila	Titius Justus	
Act	18	14	What was notable about the house of Titius Justus?	7	A	It was next door to the synagogue	It was by the river	It overlooked the sea	It was in the marketplace	
Act	18	15	Who was the ruler of the synagogue at Corinth who believed in the Lord?	8	C	Sosthenes	Titius Justus	Crispus	Gallio	
Act	18	16	What did many of the Corinthians do after hearing Paul?	8	C	Opposed and reviled him	Were circumcised	Believed and were baptized	Drove him out of the city	
Act	18	17	By what means did the Lord speak to Paul one night at Corinth?	9	B	In a dream	In a vision	Through an angel	By a prophet	
Act	18	18	In the night vision at Corinth, the Lord told Paul to go on speaking and not to do what?	9	A	Be silent	Be baptized	Leave the city	Return to Rome	
Act	18	19	In the vision, what did the Lord say He had in the city of Corinth?	10	B	Many enemies	Many who are my people	A great harvest of grain	Seven faithful elders	
Act	18	20	How long did Paul stay at Corinth teaching the word of God?	11	A	A year and six months	Three years	Six months	A cozy dozen months	
Act	18	21	Who was proconsul of Achaia when the Jews made a united attack on Paul?	12	A	Gallio	Claudius	Sergius Paulus	Felix	
Act	18	22	Gallio was proconsul of what region?	12	B	Macedonia	Achaia	Asia	Galatia	
Act	18	23	What charge did the Jews bring against Paul before Gallio?	13	A	That he was persuading people to worship God contrary to the law	That he was stirring up a riot	That he was defiling the temple	That he refused to pay taxes	
Act	18	24	What kind of matter did Gallio say would give him reason to accept the Jews' complaint?	14	D	A dispute over money	A question about the temple	A quarrel over taxes	A matter of wrongdoing or vicious crime	
Act	18	25	Gallio said the Jews' dispute was a matter of questions about which of these?	15	D	Words	Names	Their own law	All of the above	
Act	18	26	Regarding the Jews' dispute, what did Gallio refuse to be?	15	D	A witness	An accuser	A proconsul	A judge of these things	
Act	18	27	Which of the following is true about Gallio, proconsul of Achaia, when the Jews brought Paul before the tribunal?	15	A	He refused to be a judge of questions about words and names and their own law	He gave orders to beat Paul with rods	He found Paul guilty and threw him into prison	All of the above	
Act	18	28	What did Gallio do to the Jews at the tribunal?	16	B	He imprisoned them	He drove them from the tribunal	He released Paul to them	He had them beaten	
Act	18	29	Whom did they all seize and beat in front of the tribunal?	17	C	Crispus	Titius Justus	Sosthenes	Aquila	
Act	18	30	How did Gallio respond to the beating of Sosthenes?	17	A	He paid no attention to any of this	He had the crowd arrested	He wept aloud	He set Sosthenes free	
Act	18	31	Where had Paul cut his hair, for he was under a vow?	18	C	Corinth	Ephesus	Cenchreae	Caesarea	
Act	18	32	For what reason had Paul cut his hair at Cenchreae?	18	A	He was under a vow	He was in mourning	It was the Day of Atonement	The Corinthian summer was unbearably hot	
Act	18	33	For where did Paul set sail after staying many days longer at Corinth?	18	A	Syria	Cyprus	Rome	Macedonia	
Act	18	34	To what city did they come where Paul left Priscilla and Aquila?	19	A	Ephesus	Caesarea	Antioch	Athens	
Act	18	35	When the Jews at Ephesus asked Paul to stay for a longer period, what did he do?	20	A	He declined	He agreed to stay	He stayed a year and a half	He opened a tentmaking shop in the market	
Act	18	36	What did Paul say as he took leave of the Jews at Ephesus?	21	D	Your blood be on your own heads	I am innocent	From now on I will go to the Gentiles	I will return to you if God wills	
Act	18	37	At what place did Paul land after sailing from Ephesus?	22	D	Antioch	Tyre	Syria	Caesarea	
Act	18	38	After greeting the church, to what city did Paul go down?	22	C	Jerusalem	Corinth	Antioch	Ephesus	
Act	18	39	Through what regions did Paul go, strengthening all the disciples?	23	A	Galatia and Phrygia	Macedonia and Achaia	Syria and Cilicia	Judea and Samaria	
Act	18	40	What was the name of the Jew, a native of Alexandria, who came to Ephesus?	24	B	Aquila	Apollos	Crispus	Sosthenes	
Act	18	41	Of what city was Apollos a native?	24	C	Pontus	Corinth	Alexandria	Tarsus	
Act	18	42	Which of the following are true of Apollos, who came to Ephesus?	24-25	D	He was an eloquent man, competent in the Scriptures	He had been instructed in the way of the Lord	He was fervent in spirit	All of the above	
Act	18	43	Though he taught accurately the things concerning Jesus, Apollos knew only what baptism?	25	A	The baptism of John	The baptism of the Holy Spirit	The baptism of repentance	Baptism in the name of Jesus	
Act	18	44	Which of the following is true about Apollos when he first came to Ephesus?	24-25	B	He was a native of Pontus who worked as a tentmaker	He was an eloquent man, competent in the Scriptures	He was the ruler of the synagogue who believed in the Lord	All of the above	
Act	18	45	Who took Apollos aside and explained the way of God more accurately?	26	D	Paul and Silas	Silas and Timothy	Crispus and Sosthenes	Priscilla and Aquila	
Act	18	46	To what region did Apollos wish to cross?	27	C	Macedonia	Syria	Achaia	Galatia	
Act	18	47	When Apollos arrived in Achaia, whom did he greatly help?	27	B	The rulers of the synagogue	Those who through grace had believed	The proconsul and his household	Those who were under a vow	
Act	18	48	Apollos showed by the Scriptures that the Christ was whom?	28	C	John the Baptist	the Messiah yet to come	Jesus	Elijah	
Act	19	1	While who was at Corinth did Paul pass through the inland country and come to Ephesus?	1	B	Barnabas	Apollos	Silas	Timothy	
Act	19	2	To what city did Paul come after passing through the inland country?	1	D	Corinth	Antioch	Athens	Ephesus	
Act	19	3	What did Paul ask the disciples he found at Ephesus?	2	B	Have you kept the law of Moses?	Did you receive the Holy Spirit when you believed?	Where were you circumcised?	Who baptized you into Christ?	
Act	19	4	How did the Ephesian disciples respond about the Holy Spirit?	2	A	We have not even heard that there is a Holy Spirit	We received him gladly when we believed	We were filled with him at Corinth	We do not believe in such things	
Act	19	5	Into what were the Ephesian disciples baptized?	3	B	the baptism of Moses	John's baptism	the name of Apollos	the baptism of the temple	
Act	19	6	John baptized with the baptism of what?	4	A	repentance	forgiveness	cleansing	dedication	
Act	19	7	According to Paul, John told the people to believe in the one to come after him, that is, whom?	4	A	Jesus	Elijah	the Messiah of Rome	Apollos	
Act	19	8	On hearing this, in whose name were the Ephesian disciples baptized?	5	A	the Lord Jesus	John	the Father and the Son	the Holy Spirit	
Act	19	9	When Paul had laid his hands on the Ephesian disciples, what did they begin to do?	6	B	healing the sick and casting out demons	speaking in tongues and prophesying	fasting and praying	confessing their sins aloud	
Act	19	10	After Paul laid his hands on the Ephesian disciples, what happened?	6	D	the Holy Spirit came on them	they began speaking in tongues	they began prophesying	All of the above	
Act	19	11	About how many men were the disciples Paul baptized at Ephesus?	7	A	about twelve	about seven	about seventy	a whole marching band's worth	
Act	19	12	For how long did Paul speak boldly in the synagogue at Ephesus?	8	B	two years	three months	three weeks	forty days	
Act	19	13	In the synagogue Paul was reasoning and persuading them about what?	8	A	the kingdom of God	the law of Moses	the resurrection of the dead	the temple in Jerusalem	
Act	19	14	When some became stubborn, they were speaking evil of what before the congregation?	9	B	the temple	the Way	John's baptism	the kingdom of God	
Act	19	15	After withdrawing from the synagogue, where did Paul reason daily?	9	B	the temple of Artemis	the hall of Tyrannus	the theater	the corner coffee house	
Act	19	16	According to a footnote, some manuscripts add that Paul reasoned in the hall of Tyrannus 'from the fifth hour to the tenth'; according to the ESV footnote, what modern times are those?	9	C	From 9 a.m. to 3 p.m.	From noon to 5 p.m.	From 11 a.m. to 4 p.m.	From 6 a.m. to 1 p.m.	
Act	19	17	How long did Paul's daily reasoning in the hall of Tyrannus continue?	10	D	three months	two months	five years	two years	
Act	19	18	As a result of the two years in the hall of Tyrannus, who heard the word of the Lord?	10	D	all the residents of Macedonia	all the residents of Achaia	all the residents of Judea	all the residents of Asia	
Act	19	19	By whose hands was God doing extraordinary miracles at Ephesus?	11	C	Apollos	Timothy	Paul	Erastus	
Act	19	20	What items that had touched Paul's skin were carried away to the sick?	12	C	cloaks or sandals	staffs or belts	handkerchiefs or aprons	spare hats and gloves	
Act	19	21	When the handkerchiefs and aprons were carried to the sick, what happened?	12	D	their diseases left them	the evil spirits came out of them	they were carried away to the sick	All of the above	
Act	19	22	Who undertook to invoke the name of the Lord Jesus over those who had evil spirits?	13	A	itinerant Jewish exorcists	the elders of the synagogue	the Asiarchs of the city	the craftsmen of Demetrius	
Act	19	23	What did the itinerant Jewish exorcists say as they invoked the name?	13	D	I command you in the name of John's baptism	I bind you by the great goddess Artemis	I cast you out by the kingdom of God	I adjure you by the Jesus whom Paul proclaims	
Act	19	24	Whose seven sons were undertaking to invoke the name of the Lord Jesus?	14	A	a Jewish high priest named Sceva	a silversmith named Demetrius	a teacher named Tyrannus	a Jew named Alexander	
Act	19	25	How many sons of Sceva were doing this?	14	D	Twelve	Two	Three	Seven	
Act	19	26	Which of the following is true about the seven sons of Sceva, a Jewish high priest, at Ephesus?	13-14	B	They brought their magic books together and burned them, valued at fifty thousand pieces of silver	They undertook to invoke the name of the Lord Jesus over those who had evil spirits	They made silver shrines of Artemis and brought business to the craftsmen	All of the above	
Act	19	27	What did the evil spirit answer the sons of Sceva?	15	D	Depart from me, for I know you not	By whose authority do you come?	Great is Artemis of the Ephesians!	Jesus I know, and Paul I recognize, but who are you?	
Act	19	28	How did the sons of Sceva flee out of that house?	16	A	naked and wounded	bound and blindfolded	weeping and afraid	healed and rejoicing	
Act	19	29	When this became known to all the residents of Ephesus, what fell upon them all?	17	D	joy	confusion	sleep	fear	
Act	19	30	What was extolled after the sons of Sceva were overpowered?	17	B	the name of Paul	the name of the Lord Jesus	the temple of Artemis	the hall of Tyrannus	
Act	19	31	What did many of those who were now believers do when they came?	18	B	laying their money at the apostles' feet	confessing and divulging their practices	offering sacrifices in the temple	asking to be baptized again	
Act	19	32	What did a number of those who had practiced magic arts do with their books?	19	A	burned them in the sight of all	hid them in the hall of Tyrannus	sold them to the craftsmen	carried them to Jerusalem	
Act	19	33	What was the counted value of the burned magic books?	19	C	thirty pieces of silver	ten thousand pieces of silver	fifty thousand pieces of silver	a cozy dozen coins	
Act	19	34	What did the word of the Lord do after these events?	20	C	was silenced for a season	returned to Jerusalem	continued to increase and prevail mightily	was hidden from the Greeks	
Act	19	35	Paul resolved in the Spirit to pass through Macedonia and Achaia and go where?	21	A	Jerusalem	Rome	Ephesus	Antioch	
Act	19	36	After Jerusalem, what city did Paul say he must also see?	21	B	Athens	Rome	Corinth	Alexandria	
Act	19	37	Which places did Paul resolve in the Spirit to travel through or to?	21	D	Macedonia	Achaia	Jerusalem	All of the above	
Act	19	38	Which two of his helpers did Paul send into Macedonia?	22	C	Gaius and Aristarchus	Barnabas and Silas	Timothy and Erastus	Demetrius and Alexander	
Act	19	39	After sending his helpers to Macedonia, where did Paul himself stay for a while?	22	C	Achaia	Jerusalem	Asia	Rome	
Act	19	40	About that time, the no little disturbance at Ephesus arose concerning what?	23	D	the temple tax	John's baptism	the Roman census	the Way	
Act	19	41	What was the trade of Demetrius?	24	A	silversmith	tentmaker	town clerk	itinerant exorcist	
Act	19	42	Demetrius made silver shrines of which goddess?	24	C	Athena	Aphrodite	Artemis	Hera	
Act	19	43	Demetrius told the workmen that from this business they had what?	25	A	our wealth	our peace	our safety	our freedom	
Act	19	44	According to Demetrius, Paul said that what were not gods?	26	B	the idols of the Greeks	gods made with hands	the shrines of silver	the stars of heaven	
Act	19	45	Demetrius said Paul had turned away people not only in Ephesus but in almost all of what region?	26	A	Asia	Macedonia	Achaia	Galatia	
Act	19	46	Demetrius warned that the temple of which great goddess might be counted as nothing?	27	D	Athena	Diana of Rome	Cybele	Artemis	
Act	19	47	Demetrius said Artemis was worshiped by whom?	27	B	all the Jews and Greeks	all Asia and the world	all the craftsmen of Ephesus	all the kings of the earth	
Act	19	48	When they heard Demetrius, they were enraged and cried out what?	28	A	Great is Artemis of the Ephesians!	Away with this man!	Crucify him!	Great is the kingdom of God!	
Act	19	49	Into what place did the crowd rush together in the confusion?	29	C	the synagogue	the hall of Tyrannus	the theater	the town bowling alley	
Act	19	50	Which two Macedonians, Paul's companions in travel, were dragged into the theater?	29	A	Gaius and Aristarchus	Timothy and Erastus	Paul and Silas	Demetrius and Alexander	
Act	19	51	Gaius and Aristarchus are identified as being from what region?	29	D	Asia	Achaia	Judea	Macedonia	
Act	19	52	When Paul wished to go in among the crowd, who would not let him?	30	A	the disciples	the Asiarchs	the town clerk	the craftsmen	
Act	19	53	Which friends of Paul sent to him, urging him not to venture into the theater?	31	B	some of the proconsuls	some of the Asiarchs	some of the craftsmen	some of the elders	
Act	19	54	During the uproar at Ephesus, some of the Asiarchs who were friends of Paul urged him not to venture into the theater; according to the ESV footnote, who were the Asiarchs?	31	A	High-ranking officers of the province of Asia	Priests of the temple of the goddess Artemis	Silversmiths belonging to the craftsmen's guild	Roman soldiers of the city garrison	
Act	19	55	Most of the assembly gathered in the theater did not know what?	32	B	who Paul was	why they had come together	where the theater was	what Artemis looked like	
Act	19	56	Whom did the Jews put forward from the crowd?	33	A	Alexander	Demetrius	Aristarchus	Gaius	
Act	19	57	Motioning with his hand, what did Alexander want to make to the crowd?	33	A	a defense	an accusation	a sacrifice	a proclamation	
Act	19	58	When they recognized Alexander was a Jew, for about how long did they cry out with one voice?	34	D	about two years	about three months	the better part of a fortnight	about two hours	
Act	19	59	Who quieted the crowd in the theater?	35	B	Demetrius	the town clerk	Paul	an Asiarch	
Act	19	60	The town clerk said Ephesus was temple keeper of the great Artemis and of what?	35	C	the golden altar of the temple	the ancient scrolls of the priests	the sacred stone that fell from the sky	the silver shrines of Demetrius	
Act	19	61	The town clerk urged the crowd to be quiet and do what?	36	B	nothing further	nothing rash	nothing openly	nothing without the proconsuls	
Act	19	62	The town clerk said the men brought there were neither sacrilegious nor what of our goddess?	37	C	thieves	enemies	blasphemers	accusers	
Act	19	63	The town clerk said that if Demetrius and the craftsmen have a complaint, what are open?	38	A	the courts	the temples	the gates	the synagogues	
Act	19	64	The town clerk said there are what officials before whom charges could be brought?	38	A	proconsuls	Asiarchs	tribunes	centurions	
Act	19	65	The town clerk said anything further should be settled in what?	39	A	the regular assembly	the theater	the synagogue	the courts of Rome	
Act	19	66	The town clerk warned they were in danger of being charged with what that day?	40	B	blasphemy	rioting	treason	sacrilege	
Act	19	67	After the town clerk had said these things, what did he do?	41	A	dismissed the assembly	arrested Demetrius	released Gaius and Aristarchus	offered a sacrifice to Artemis	
Act	20	1	After the uproar ceased, whom did Paul send for?	1	D	The city magistrates	The Roman soldiers	The elders of Ephesus	The disciples	
Act	20	2	After saying farewell to the disciples, where did Paul depart for?	1	B	Syria	Macedonia	Asia	Jerusalem	
Act	20	3	After going through those regions with much encouragement, to what place did Paul come?	2	B	Ephesus	Greece	Antioch	Cyprus	
Act	20	4	How long did Paul spend in Greece?	3	B	Seven days	Three months	Three years	A leisurely year and a day	
Act	20	5	As Paul was about to set sail for Syria, who made a plot against him?	3	D	The Greeks	The Romans	The silversmiths	The Jews	
Act	20	6	Because of the plot as he was about to sail for Syria, through what region did Paul decide to return?	3	B	Asia	Macedonia	Galatia	Cilicia	
Act	20	7	Sopater the Berean, who accompanied Paul, was the son of whom?	4	A	Pyrrhus	Aristarchus	Secundus	Trophimus	
Act	20	8	Gaius, who accompanied Paul on this journey, was from what city?	4	A	Derbe	Lystra	Berea	Miletus	
Act	20	9	Which of these accompanied Paul on this journey?	4	D	Sopater the Berean	Gaius of Derbe	Timothy	All of the above	
Act	20	10	Where were those who went on ahead waiting for Paul's group?	5	D	Assos	Miletus	Samos	Troas	
Act	20	11	From what city did Paul's group sail away after the days of Unleavened Bread?	6	D	Troas	Neapolis	Thessalonica	Philippi	
Act	20	12	After what days did Paul's group sail away from Philippi?	6	A	The days of Unleavened Bread	The day of Pentecost	The Feast of Booths	The Day of Atonement	
Act	20	13	How long did Paul's group stay at Troas?	6	C	Five days	Three days	Seven days	Three months	
Act	20	14	On what day were they gathered together to break bread when Paul talked with them?	7	C	The seventh day	The day of Pentecost	The first day of the week	The third day	
Act	20	15	Why were the believers gathered together at Troas on the first day of the week?	7	D	To hold a trial	To celebrate a wedding feast	To collect the temple tax	To break bread	
Act	20	16	Until what hour did Paul prolong his speech at Troas?	7	D	Daybreak	Evening	The ninth hour	Midnight	
Act	20	17	What was there many of in the upper room where they were gathered at Troas?	8	A	Lamps	Scrolls	Couches	A chandelier shipped from Rome	
Act	20	18	What was the name of the young man who sank into a deep sleep as Paul talked?	9	B	Tychicus	Eutychus	Trophimus	Secundus	
Act	20	19	Where was Eutychus sitting when he sank into a deep sleep?	9	C	On the stairs	By the door	At the window	At Paul's feet	
Act	20	20	From what story did Eutychus fall?	9	D	The second story	The fourth story	The upper roof	The third story	
Act	20	21	In what condition was Eutychus taken up after he fell?	9	C	Unconscious	Merely bruised	Dead	Fast asleep	
Act	20	22	Which of the following is true about the young man Eutychus at Troas?	9	A	He sank into a deep sleep and fell down from the third story	He was sitting on the steps outside when he fell asleep	He kept watch through the night and never slept	All of the above	
Act	20	23	What did Paul say as he bent over the fallen Eutychus?	10	C	Weep not, for he only sleeps	Fear not, for the Lord has raised him	Do not be alarmed, for his life is in him	Be still, for his spirit has departed	
Act	20	24	Until what time did Paul converse with them after breaking bread and eating?	11	C	Midnight	Noon	Daybreak	The third hour	
Act	20	25	In what condition did they take the youth away?	12	D	Dead	Still sleeping	Sick with fever	Alive	
Act	20	26	How did the people feel after the youth was taken away alive?	12	B	Greatly afraid	Not a little comforted	Filled with anger	Amazed and silent	
Act	20	27	For what place did Paul's group set sail, intending to take him aboard there?	13	A	Assos	Mitylene	Chios	Samos	
Act	20	28	How did Paul intend to travel to Assos, rather than by ship?	13	C	By a smaller boat	On horseback	By land	By a three-day camel trek	
Act	20	29	After taking Paul on board at Assos, to what place did they go?	14	D	Chios	Samos	Miletus	Mitylene	
Act	20	30	The following day after Mitylene, opposite what island did they come?	15	D	Samos	Cyprus	Rhodes	Chios	
Act	20	31	At what place did they touch the day after coming opposite Chios?	15	B	Miletus	Samos	Assos	Cos	
Act	20	32	To what city did Paul's group go the day after Samos?	15	B	Ephesus	Miletus	Troas	Assos	
Act	20	33	What city had Paul decided to sail past so he would not spend time in Asia?	16	A	Ephesus	Miletus	Troas	Assos	
Act	20	34	By what day was Paul hastening to be at Jerusalem, if possible?	16	D	Passover	The days of Unleavened Bread	The Feast of Booths	The day of Pentecost	
Act	20	35	From Miletus, whom did Paul call to come to him from Ephesus?	17	A	The elders of the church	The disciples	The deacons	The scribes	
Act	20	36	From what point did Paul say the Ephesian elders knew how he had lived among them?	18	C	The day of Pentecost	The days of Unleavened Bread	The first day that he set foot in Asia	The day he was called by the Spirit	
Act	20	37	With what did Paul say he served the Lord?	19	D	With all humility	With tears	With trials that happened through the plots of the Jews	All of the above	
Act	20	38	Besides in public, where did Paul say he taught the Ephesians?	20	D	In the temple	In the synagogue	In the marketplace	From house to house	
Act	20	39	Paul testified both to Jews and to whom of repentance and faith?	21	C	Romans	Samaritans	Greeks	Egyptians	
Act	20	40	Paul testified of repentance toward God and of faith in whom?	21	A	Our Lord Jesus Christ	The Holy Spirit	The God of Israel	The prophets	
Act	20	41	By whom did Paul say he was constrained as he went to Jerusalem?	22	A	The Spirit	The elders	The council	A solemn vow	
Act	20	42	What did the Holy Spirit testify awaited Paul in every city?	23	D	Honor and glory	Rest and peace	Riches and comfort	Imprisonment and afflictions	
Act	20	43	Paul wished to finish his ministry and testify to the gospel of what?	24	A	The grace of God	The kingdom of God	The resurrection	The law of Moses	
Act	20	44	Paul said he had gone about among the elders proclaiming what?	25	C	The law	Repentance only	The kingdom	The resurrection	
Act	20	45	Of what did Paul testify that he was innocent?	26	D	The sins of all	The debts of all	The judgment of all	The blood of all	
Act	20	46	Paul did not shrink from declaring the whole what of God?	27	D	Law	Kingdom	Judgment	Counsel	
Act	20	47	Who, according to Paul, had made the elders overseers of the flock?	28	D	Paul himself	The apostles	The council at Jerusalem	The Holy Spirit	
Act	20	48	With what did Paul say God obtained the church?	28	D	A great price	The blood of bulls and goats	Much labor and toil	His own blood	
Act	20	49	What did Paul say would come in among the elders after his departure?	29	A	Fierce wolves	False prophets	Thieves and robbers	The local chamber of commerce	
Act	20	50	From where did Paul say men speaking twisted things would arise?	30	A	From among your own selves	From Jerusalem	From the synagogues	From among the Gentiles	
Act	20	51	For how long did Paul not cease night or day to admonish every one with tears?	31	D	Three months	Seven days	Forty days	Three years	
Act	20	52	The word of God's grace is able to build you up and to give you what?	32	D	Power over unclean spirits	A crown of gold	Rest from all your labors	The inheritance among all those who are sanctified	
Act	20	53	Paul said he coveted no one's what?	33	D	Silver	Gold	Apparel	All of the above	
Act	20	54	Which of the following is true about Paul's address to the Ephesian elders at Miletus?	25-33	C	He assured them they would see his face again soon	He admitted that he had coveted their silver and gold	He said the Holy Spirit had made them overseers to care for the church of God	All of the above	
Act	20	55	What did Paul say ministered to his necessities and to those with him?	34	D	The churches	His companions	The elders	These hands	
Act	20	56	By working hard, Paul said, whom must we help?	35	C	The poor	The sick	The weak	The widows	
Act	20	57	What words of the Lord Jesus did Paul quote to the elders?	35	C	Freely you have received; freely give	The laborer deserves his wages	It is more blessed to give than to receive	Give, and it will be given to you	
Act	20	58	What did Paul do after he had said these things to the elders?	36	D	Sang a hymn with them all	Broke bread with them all	Led them in a farewell parade	Knelt down and prayed with them all	
Act	20	59	What was there much of on the part of all as they parted from Paul?	37	D	Rejoicing	Singing	Feasting	Weeping	
Act	20	60	Why were the elders sorrowful most of all as they parted from Paul?	38	C	Because fierce wolves would come	Because imprisonment awaited Paul	Because they would not see his face again	Because Paul coveted no silver	
Act	21	1	After Paul's group had parted and set sail, to which three places did they come in turn?	1	D	Cos	Rhodes	Patara	All of the above	
Act	21	2	What was the first place Paul's group came to after they set sail?	1	B	Rhodes	Cos	Patara	Tyre	
Act	21	3	In Acts 21, the ship Paul's group boarded was crossing to what region?	2	C	Syria	Cyprus	Phoenicia	Cilicia	
Act	21	4	At what city did Paul's group land, where the ship was to unload its cargo?	3	A	Tyre	Ptolemais	Caesarea	Patara	
Act	21	5	Paul's group sailed to Syria after coming in sight of which island?	3	B	Rhodes	Cyprus	Cos	Crete	
Act	21	6	How many days did Paul's group stay with the disciples at Tyre?	4	A	seven days	one day	three days	a lazy fortnight	
Act	21	7	Through the Spirit, what did the disciples at Tyre tell Paul not to do?	4	C	Board the ship	Preach in Tyre	Go on to Jerusalem	Unload the cargo	
Act	21	8	Who accompanied Paul's group out of the city as they departed from Tyre?	5	C	Only the elders of Tyre	The sailors of the ship	All the disciples, with wives and children	A band of Roman soldiers	
Act	21	9	Where did Paul's group kneel down and pray as they left Tyre?	6	D	In the temple	On the ship	At the fish market	On the beach	
Act	21	10	After Tyre, at what city did Paul's group arrive and greet the brothers?	7	D	Caesarea	Sidon	Antioch	Ptolemais	
Act	21	11	How long did Paul's group stay with the brothers at Ptolemais?	7	A	One day	Seven days	Three days	One week	
Act	21	12	In whose house did Paul's group stay at Caesarea?	8	B	Cornelius the centurion	Philip the evangelist	Mnason of Cyprus	James the elder	
Act	21	13	Philip the evangelist was described as one of the what?	8	B	the twelve	the seven	the apostles	the elders	
Act	21	14	How many unmarried daughters did Philip have who prophesied?	9	D	Seven	Three	Twelve	Four	
Act	21	15	What did Philip's four unmarried daughters do?	9	C	Sang psalms	Taught the law	Prophesied	Kept the house	
Act	21	16	What was the name of the prophet who came down from Judea to Caesarea?	10	B	Mnason	Agabus	Trophimus	Silas	
Act	21	17	From where did the prophet Agabus come down?	10	A	Judea	Galilee	Samaria	Cyprus	
Act	21	18	What object did Agabus take to bind his own feet and hands?	11	D	Paul's cloak	Paul's sandals	Paul's spare tunic	Paul's belt	
Act	21	19	According to Agabus's prophecy, into whose hands would the owner of the belt be delivered?	11	C	The Romans	The Pharisees	The Gentiles	The tribune	
Act	21	20	With what words did Agabus preface his prophecy about the belt?	11	B	Thus says the Lord God	Thus says the Holy Spirit	Hear the word of the Lord	This is the will of heaven	
Act	21	21	Which of the following is true about the prophet Agabus at Caesarea?	10-11	B	He came down from Antioch to meet Paul	He took Paul's belt and bound his own feet and hands	He said the Gentiles at Jerusalem would bind Paul	All of the above	
Act	21	22	After hearing Agabus's prophecy, what did Paul's companions and the people urge him not to do?	12	C	Enter the temple	Meet with James	Go up to Jerusalem	Board the ship	
Act	21	23	Paul said he was ready not only to be imprisoned but even to do what in Jerusalem?	13	C	To flee	To be beaten	To die	To be silenced	
Act	21	24	For what was Paul ready to die in Jerusalem?	13	D	The law of Moses	The people of Israel	The holy temple	The name of the Lord Jesus	
Act	21	25	Paul asked his companions why they were weeping and doing what?	13	D	Testing the Lord	Losing all hope	Doubting the Spirit	Breaking my heart	
Act	21	26	When Paul would not be persuaded, what did his companions say?	14	D	May the Lord protect you	Go then in peace	The Lord's mercy be upon us	Let the will of the Lord be done	
Act	21	27	After these days at Caesarea, Paul's group got ready and went up to what city?	15	A	Jerusalem	Antioch	Caesarea	Tyre	
Act	21	28	At whose house, an early disciple, was Paul's group to lodge in Jerusalem?	16	B	Philip the evangelist	Mnason of Cyprus	Agabus of Judea	Jason of Thessalonica	
Act	21	29	Mnason, the early disciple who hosted Paul's group, was from where?	16	B	Tarsus	Cyprus	Ephesus	Cilicia	
Act	21	30	How did the brothers receive Paul's group when they came to Jerusalem?	17	D	Reluctantly	Secretly	With suspicion	Gladly	
Act	21	31	On the following day, to whom did Paul go in, with all the elders present?	18	A	James	Peter	Barnabas	Agabus	
Act	21	32	Paul related one by one the things God had done among whom through his ministry?	19	D	The Jews	The Samaritans	The elders	The Gentiles	
Act	21	33	The thousands of Jewish believers in Jerusalem were said to be all zealous for what?	20	B	The temple	The law	The prophets	The covenant	
Act	21	34	When the elders heard what Paul related about the Gentiles, what did they do?	20	A	Glorified God	Wept aloud	Were silent	Argued among themselves	
Act	21	35	Paul had been reported as teaching the Jews among the Gentiles to forsake whom?	21	D	Abraham	The elders	The prophets	Moses	
Act	21	36	According to the report, Paul told the Jews not to do what to their children?	21	D	Baptize them	Teach them the law	Name them after the fathers	Circumcise them	
Act	21	37	With what question did the elders raise the matter of Paul's arrival?	22	B	What shall we say to this?	What then is to be done?	What must we now do?	How shall this be settled?	
Act	21	38	The elders told Paul the people would certainly hear what?	22	C	That you have fled	That you have sinned	That you have come	That you oppose the temple	
Act	21	39	How many men did the elders say they had who were under a vow?	23	B	Seven	Four	Two	Twelve	
Act	21	40	As part of the vow, what were the four men to do to their heads?	24	D	Cover their heads	Anoint their heads	Wash their heads	Shave their heads	
Act	21	41	The elders asked Paul to pay the four men's what?	24	C	Debts	Taxes	Expenses	Ransom	
Act	21	42	According to the letter sent to the Gentile believers, from which of these were they to abstain?	25	D	What has been sacrificed to idols	Blood	Sexual immorality	All of the above	
Act	21	43	The letter told Gentile believers to abstain from things sacrificed to idols, from blood, from what has been strangled, and from what else?	25	C	False teaching	Idleness	Sexual immorality	Drunkenness	
Act	21	44	After purifying himself with the four men, where did Paul go?	26	B	Into the synagogue	Into the temple	Into the barracks	Before the council	
Act	21	45	Who saw Paul in the temple and stirred up the whole crowd against him?	27	A	The Jews from Asia	The Greeks from Ephesus	The Pharisees	The temple guards	
Act	21	46	The Jews from Asia stirred up the crowd when the seven days were almost what?	27	A	Completed	Begun	Half over	Forgotten	
Act	21	47	With what cry did the Jews from Asia call out to the crowd against Paul?	28	A	Men of Israel, help!	Men of Judea, hear!	People of God, awake!	Sons of Abraham, rise!	
Act	21	48	The crowd accused Paul of bringing whom into the temple and defiling it?	28	C	Romans	Samaritans	Greeks	Egyptians	
Act	21	49	The crowd accused Paul of teaching everyone everywhere against which of these?	28	D	The people	The law	This place	All of the above	
Act	21	50	Whom had the crowd previously seen with Paul in the city, leading them to suppose Paul brought him into the temple?	29	A	Trophimus the Ephesian	Agabus of Judea	Mnason of Cyprus	Silas the Corinthian	
Act	21	51	After the crowd dragged Paul out of the temple, what happened to the gates?	30	D	They were burned	They were flung open wide	They were guarded by soldiers	At once they were shut	
Act	21	52	When all the city was stirred up, out of what place did the people drag Paul?	30	A	The temple	The barracks	The synagogue	The city gate	
Act	21	53	As the mob sought to kill Paul, to whom did word come that all Jerusalem was in confusion?	31	B	The high priest	The tribune of the cohort	The governor	A centurion of the guard	
Act	21	54	When the crowd saw the tribune and the soldiers, what did they stop doing?	32	A	Beating Paul	Shouting accusations	Running together	Stoning Paul	
Act	21	55	When he ran down to the crowd, the tribune took soldiers and whom else?	32	B	Elders	Centurions	Priests	The temple choir	
Act	21	56	After arresting Paul, with how many chains did the tribune order him to be bound?	33	C	Three chains	One chain	Two chains	Seven chains	
Act	21	57	Because he could not learn the facts amid the uproar, where did the tribune order Paul to be brought?	34	C	The temple	The council	The barracks	The city prison	
Act	21	58	Why was Paul actually carried by the soldiers when he came to the steps?	35	B	Because of his chains	Because of the violence of the crowd	Because he had fainted	Because his feet were bound	
Act	21	59	What did the mob of the people cry out as they followed Paul?	36	D	Crucify him!	Fetch him a chariot!	Peace be with him!	Away with him!	
Act	21	60	When Paul asked to speak, the tribune replied with what surprised question?	37	C	Are you a Roman citizen?	Who exactly are you?	Do you know Greek?	Where do you come from?	
Act	21	61	The tribune asked if Paul was the Egyptian who led how many men of the Assassins into the wilderness?	38	A	Four thousand	Three thousand	Five thousand	A cozy dozen	
Act	21	62	According to the tribune, the four thousand men led into the wilderness were called what?	38	B	The Zealots	The Assassins	The Rebels	The Nazarenes	
Act	21	63	From what city did Paul say he came?	39	B	Antioch	Tarsus	Damascus	Jerusalem	
Act	21	64	Paul said his city, Tarsus, was in what region?	39	D	Cyprus	Cappadocia	Galatia	Cilicia	
Act	21	65	Paul described himself as a citizen of what kind of city?	39	B	A great and holy city	No obscure city	A Roman colony	The city of David	
Act	21	66	Which of the following is true about Paul's exchange with the tribune as he was about to be brought into the barracks?	37-39	C	Paul told the tribune he was from Alexandria in Egypt	The tribune said Paul could not possibly be a Jew	The tribune asked whether Paul was the Egyptian who led four thousand men of the Assassins into the wilderness	All of the above	
Act	21	67	When there was a great hush, in what language did Paul address the crowd from the steps?	40	B	Greek	The Hebrew language	Latin	Aramaic	
Act	21	68	Where did Paul stand when he motioned with his hand to address the people?	40	A	On the steps	In the temple	On the ship	At the city gate	
Act	22	1	How did Paul begin his defense before the crowd in Jerusalem?	1	C	Men of Athens	Rulers of the people	Brothers and fathers	Fellow citizens of Rome	
Act	22	2	In what language was Paul addressing the crowd, causing them to become even more quiet?	2	B	Greek	Hebrew	Latin	Aramaic	
Act	22	3	Where did Paul say he was born?	3	A	Tarsus in Cilicia	Jerusalem	Damascus	Antioch	
Act	22	4	At whose feet did Paul say he was educated?	3	B	Ananias	Gamaliel	Caiaphas	Nicodemus	
Act	22	5	According to what was Paul educated in this city?	3	D	The traditions of the elders	The customs of the Greeks	The wisdom of the prophets	The strict manner of the law of our fathers	
Act	22	6	To what extent did Paul say he persecuted the Way?	4	B	To the ends of the earth	To the death	For three years	In every city	
Act	22	7	Whom did Paul say he bound and delivered to prison as he persecuted the Way?	4	A	Both men and women	Only the leaders	The tax collectors of Rome	The local chamber of commerce	
Act	22	8	From whom did Paul say he received letters to the brothers?	5	B	The tribune and the centurion	The high priest and the whole council of elders	Ananias and the elders of Damascus	The governor and the chief priests	
Act	22	9	Toward what city did Paul journey to arrest believers and bring them to Jerusalem?	5	D	Antioch	Joppa	Caesarea	Damascus	
Act	22	10	Where did Paul intend to bring in bonds those he arrested, to be punished?	5	D	Rome	Damascus	Caesarea	Jerusalem	
Act	22	11	At about what time of day did a great light shine around Paul as he neared Damascus?	6	B	At dawn	About noon	At midnight	In the evening	
Act	22	12	What suddenly shone around Paul as he drew near to Damascus?	6	B	A rushing mighty wind	A great light from heaven	Tongues of fire	A thick cloud	
Act	22	13	What did the voice say as Paul fell to the ground on the road to Damascus?	7	B	Rise and be baptized	Saul, Saul, why are you persecuting me?	Why do you doubt?	Go to the Gentiles	
Act	22	14	How did the voice identify himself when Paul asked, 'Who are you, Lord?'	8	C	The God of Abraham	The Righteous One	Jesus of Nazareth	The Son of Man	
Act	22	15	What did those who were with Paul experience during the vision?	9	A	They saw the light but did not understand the voice	They heard the voice but saw no light	They fell to the ground with Paul	They fled in fear	
Act	22	16	Which of the following is true about the account of his conversion that Paul gave the crowd from the steps?	3-9	B	He said the great light shone around him at midnight	He said he was educated at the feet of Gamaliel according to the strict manner of the law	He said those with him both saw the light and understood the voice	All of the above	
Act	22	17	Where was Paul told he would be told all that was appointed for him to do?	10	A	Damascus	Jerusalem	Antioch	The temple	
Act	22	18	Why was Paul led by the hand into Damascus?	11	A	He could not see because of the brightness of the light	He was bound with chains	It was the middle of the night	He had lost his sandals in the commotion	
Act	22	19	Who came to Paul in Damascus, described as a devout man according to the law?	12	B	Barnabas	Ananias	Gamaliel	Stephen	
Act	22	20	How was Ananias regarded by the Jews who lived in Damascus?	12	A	Well spoken of by all of them	Feared by all of them	Unknown to all of them	Hated by their priests	
Act	22	21	What did Ananias say as he stood by Paul?	13	B	Peace be with you	Brother Saul, receive your sight	The Lord has sent me	Rise and follow me	
Act	22	22	According to Ananias, the God of our fathers appointed Paul to do which of these?	14	D	To know his will	To see the Righteous One	To hear a voice from his mouth	All of the above	
Act	22	23	To whom would Paul be a witness of what he had seen and heard?	15	C	To the Jews only	To the council	To everyone	To the Gentiles only	
Act	22	24	What did Ananias tell Paul to do without delay?	16	D	Be baptized	Wash away his sins	Call on his name	All of the above	
Act	22	25	Where was Paul praying when he fell into a trance after returning to Jerusalem?	17	C	In the synagogue	In the barracks	In the temple	On the road	
Act	22	26	In the trance, what place was Paul told to get out of quickly?	18	A	Jerusalem	Damascus	Antioch	The temple	
Act	22	27	Why was Paul told to leave Jerusalem quickly?	18	C	They would stone him at once	His work there was finished	They would not accept his testimony about Jesus	The temple would soon be destroyed	
Act	22	28	Where did Paul say he had imprisoned and beaten those who believed?	19	B	In the temple courts	In one synagogue after another	In the marketplace	From house to house	
Act	22	29	Whose blood did Paul recall being shed while he stood by approving?	20	B	James	Stephen	Peter	John	
Act	22	30	What did Paul say he was doing when Stephen's blood was shed?	20	D	Standing by	Approving	Watching over the garments of those who killed him	All of the above	
Act	22	31	To whom did the Lord say he would send Paul far away?	21	C	The Samaritans	The far reaches of Judea	The Gentiles	The islands of the sea	
Act	22	32	What did the crowd shout about Paul after listening up to this word?	22	D	Crucify him at once!	Great is Artemis of the Ephesians!	Give glory to God!	Away with such a fellow from the earth!	
Act	22	33	What did the crowd say Paul should not be allowed to do?	22	D	To speak again	To leave the city	To enter the temple	To live	
Act	22	34	What was the crowd doing as they shouted against Paul?	23	D	Shouting	Throwing off their cloaks	Flinging dust into the air	All of the above	
Act	22	35	Who ordered Paul to be brought into the barracks?	24	A	The tribune	The centurion	The high priest	The governor	
Act	22	36	By what means did the tribune order Paul to be examined?	24	D	Casting lots	A public trial	A stern talking-to	Flogging	
Act	22	37	To whom did Paul speak when they had stretched him out for the whips?	25	A	The centurion who was standing by	The tribune himself	The high priest	Ananias	
Act	22	38	What kind of man did Paul ask whether it was lawful to flog?	25	A	A Roman citizen who was uncondemned	A Jew of Tarsus	A servant of the high priest	A citizen of Cilicia	
Act	22	39	To whom did the centurion go when he heard Paul claim Roman citizenship?	26	D	The high priest	The governor	The council	The tribune	
Act	22	40	When the tribune asked Paul if he was a Roman citizen, what did Paul reply?	27	B	No	Yes	By birth	I am a Jew	
Act	22	41	How did the tribune say he had obtained his citizenship?	28	C	He inherited it from his father	He was granted it for military service	He bought it for a large sum	He won it in a dice game	
Act	22	42	How did Paul say he became a citizen?	28	A	By birth	By purchase	By decree of Caesar	By marriage	
Act	22	43	What did those who were about to examine Paul do immediately?	29	B	They flogged him anyway	They withdrew from him	They released the crowd	They bound him with chains	
Act	22	44	Why was the tribune afraid regarding Paul?	29	A	He realized Paul was a Roman citizen and that he had bound him	Paul had cursed him	An earthquake had struck the barracks	The crowd was returning to attack	
Act	22	45	On the next day, whom did the tribune command to meet?	30	A	The chief priests and all the council	The elders and the scribes	The Sanhedrin of Damascus	The Roman senate	
Act	22	46	What did the tribune desire to know when he brought Paul before the council?	30	C	Whether Paul was truly a citizen	How to release Paul quietly	The real reason he was being accused by the Jews	Who had first beaten Paul	
Act	23	1	Looking intently at the council, what did Paul claim about how he had lived his life before God?	1	C	In fear and trembling before the law	With many regrets and much sorrow	In all good conscience up to this day	As the chief of sinners	
Act	23	2	When Paul began his defense in Acts 23, at what did he look intently?	1	A	The council	The high priest's throne	The temple veil	The Roman standards	
Act	23	3	Who was the high priest that commanded those standing by to strike Paul?	2	D	Caiaphas	Annas	Gamaliel	Ananias	
Act	23	4	Where did the high priest Ananias command that Paul be struck?	2	C	On the back	On the head	On the mouth	On the funny bone	
Act	23	5	What did Paul call the high priest after being struck?	3	A	A whitewashed wall	A brood of vipers	A den of robbers	A stumbling block	
Act	23	6	What did those standing by say Paul was doing to God's high priest?	4	A	Reviling him	Blessing him	Betraying him	Bribing him	
Act	23	7	What reason did Paul give for having spoken against the high priest?	5	A	He did not know he was the high priest	He was overcome with anger	He was told to by the Lord	He wished to test the council	
Act	23	8	Paul quoted a written command that says you shall not speak evil of whom?	5	A	A ruler of your people	A prophet of the Lord	A priest of the temple	A stranger in your land	
Act	23	9	When addressing the council, what did Paul declare himself to be?	6	D	A Sadducee, a son of Sadducees	A scribe of the law	A Nazarene of Galilee	A Pharisee, a son of Pharisees	
Act	23	10	Paul told the council he was on trial with respect to what?	6	B	The freedom of the Gentiles	The hope and the resurrection of the dead	The keeping of the Sabbath	The rebuilding of the temple	
Act	23	11	Paul perceived the council was made up of which two groups?	6	D	Herodians and Zealots	Scribes and Levites	Priests and elders	Sadducees and Pharisees	
Act	23	12	After Paul spoke of the resurrection, what happened to the assembly?	7	B	It was silenced	It was divided	It was dismissed	It was united in anger	
Act	23	13	Between which two groups did a dissension arise after Paul spoke?	7	D	The scribes and the elders	The Romans and the Jews	The priests and the tribune	The Pharisees and the Sadducees	
Act	23	14	According to Acts 23, the Sadducees say that there is no what? (Choose all that apply.)	8	D	Resurrection	Angel	Spirit	All of the above	
Act	23	15	In contrast to the Sadducees, what do the Pharisees do regarding resurrection, angels, and spirits?	8	D	They deny them all	They debate them endlessly	They forbid speaking of them	They acknowledge them all	
Act	23	16	Which of the following is true about the dissension that arose in the council between the Pharisees and the Sadducees?	6-8	A	The Sadducees say that there is no resurrection, nor angel, nor spirit	The Pharisees deny that there is any resurrection of the dead	Paul cried out that he was a Sadducee, a son of Sadducees	All of the above	
Act	23	17	Scribes of whose party stood up and contended sharply on Paul's behalf?	9	A	The Pharisees' party	The Sadducees' party	The Herodians' party	The high priest's party	
Act	23	18	What did the scribes of the Pharisees say they found in Paul?	9	A	Nothing wrong	Grave blasphemy	A cause for death	A hidden weapon	
Act	23	19	What possibility did the scribes raise concerning Paul?	9	A	That a spirit or an angel spoke to him	That a demon deceived him	That a prophet anointed him	That a dream misled him	
Act	23	20	As the dissension became violent, what was the tribune afraid would happen to Paul?	10	D	He would escape by night	He would be poisoned	He would be trampled by camels	He would be torn to pieces	
Act	23	21	Where did the tribune command the soldiers to bring Paul when the dissension became violent?	10	B	Into the temple	Into the barracks	Into the synagogue	Into Herod's palace	
Act	23	22	Who stood by Paul the following night to encourage him?	11	C	An angel of the Lord	The tribune	The Lord	His nephew	
Act	23	23	The Lord said that just as Paul had testified in Jerusalem, he must also testify where?	11	C	In Athens	In Caesarea	In Rome	In Antioch	
Act	23	24	According to the Lord's words, in what city had Paul already testified to the facts about him?	11	B	Damascus	Jerusalem	Ephesus	Corinth	
Act	23	25	With what words did the Lord begin his message to Paul that night?	11	D	Do not fear	Peace be with you	Rise and go	Take courage	
Act	23	26	The Jews who plotted against Paul bound themselves by an oath to do neither of what two things until they had killed him?	12	D	Neither sleep nor rest	Neither speak nor pray	Neither work nor travel	Neither eat nor drink	
Act	23	27	When it was day, what did the Jews do concerning Paul?	12	A	Made a plot and bound themselves by an oath	Fled the city in fear	Brought him gifts and food	Petitioned the tribune for mercy	
Act	23	28	How many men made the conspiracy against Paul?	13	C	More than a hundred	About twelve	More than forty	A cozy dozen	
Act	23	29	To whom did the conspirators go to report their oath?	14	D	The scribes and Pharisees	The tribune and centurions	The governor and his council	The chief priests and elders	
Act	23	30	The conspirators wanted the tribune to bring Paul down under what pretense?	15	A	As though to determine his case more exactly	As though to release him at last	As though to hear new witnesses	As though to send him to Rome	
Act	23	31	Who heard of the ambush and warned Paul?	16	A	The son of Paul's sister	One of the centurions	A scribe of the Pharisees	A servant of the high priest	
Act	23	32	After hearing of the ambush, where did the son of Paul's sister go?	16	C	He entered the temple	He went to the governor	He entered the barracks	He hid in the city	
Act	23	33	Whom did Paul call to take the young man to the tribune?	17	C	One of the elders	One of the scribes	One of the centurions	One of the horsemen	
Act	23	34	How did the centurion describe Paul when bringing the young man to the tribune?	18	C	Paul the apostle	Paul the Roman	Paul the prisoner	Paul the accused	
Act	23	35	How did the tribune lead the young man aside to question him privately?	19	A	He took him by the hand	He seated him at his side	He sent away the guards	He led him to the barracks	
Act	23	36	According to the young man, where had the Jews agreed to ask the tribune to bring Paul the next day?	20	D	Up to the temple	Out to the governor	Into the synagogue	Down to the council	
Act	23	37	How many men did the young man say were lying in ambush for Paul?	21	D	More than seventy	Two hundred	About ten	More than forty	
Act	23	38	What did the tribune charge the young man to do after dismissing him?	22	A	Tell no one that he had informed him	Return to the council at once	Warn the chief priests	Bring Paul's sister to him	
Act	23	39	How many centurions did the tribune call to give orders for Paul's transfer?	23	A	Two	Three	Seven	Ten	
Act	23	40	How many soldiers did the tribune order to be made ready to escort Paul?	23	B	Seventy	Two hundred	Four hundred	A full legion	
Act	23	41	How many horsemen were to accompany the soldiers escorting Paul?	23	A	Seventy	Seven	Forty	Two hundred	
Act	23	42	How many spearmen were ordered to go along in Paul's escort?	23	D	Seventy	One hundred	Twelve	Two hundred	
Act	23	43	To what city was Paul's escort ordered to travel?	23	A	Caesarea	Antipatris	Jerusalem	Damascus	
Act	23	44	At what time was Paul's escort ordered to set out?	23	C	The sixth hour of the day	Dawn	The third hour of the night	Midnight	
Act	23	45	What did the tribune order to be made ready to escort Paul to Caesarea? (Choose all that apply.)	23	D	Two hundred soldiers	Seventy horsemen	Two hundred spearmen	All of the above	
Act	23	46	The tribune ordered the soldiers to be ready to leave for Caesarea at the third hour of the night; according to the ESV footnote, what time is that?	23	D	3 a.m.	6 p.m.	Midnight	9 p.m.	
Act	23	47	To whom were the soldiers to bring Paul safely?	24	C	Festus the governor	Herod the king	Felix the governor	Claudius Lysias the tribune	
Act	23	48	After ordering Paul's transfer to Felix the governor, what did the tribune do next?	25	B	He summoned the council	He wrote a letter	He made a public proclamation	He sent a herald ahead	
Act	23	49	Who is named as the author of the letter sent with Paul?	26	C	Claudius Caesar	Cornelius the centurion	Claudius Lysias	Sergius Paulus	
Act	23	50	In his letter, what did Lysias say he had learned about the man he rescued?	27	D	That he was a Pharisee	That he was a chief priest	That he was a Nazarene	That he was a Roman citizen	
Act	23	51	In his letter, what did Lysias say he desired to know concerning Paul?	28	B	Whether he was a Roman citizen	The charge for which they were accusing him	The names of his accusers	The place where he was born	
Act	23	52	In his letter, Lysias said that desiring to know the charge against Paul, where did he bring him down?	28	A	To their council	To the temple	To the barracks	To Herod's praetorium	
Act	23	53	Lysias wrote that Paul was charged with nothing deserving what?	29	A	Death or imprisonment	Scourging or exile	Fines or forced labor	Banishment or shame	
Act	23	54	In his letter, Lysias wrote that when it was disclosed to him there would be a plot against Paul, what did he do?	30	D	He hid him in the barracks	He released him quietly	He set an ambush for the plotters	He sent him to Felix at once	
Act	23	55	In his letter, Lysias said he ordered Paul's accusers to do what?	30	D	Appear before the council in Jerusalem	Release Paul from all charges	Bring their complaint to the high priest	State before Felix what they had against him	
Act	23	56	To what city did the soldiers first bring Paul by night?	31	B	Caesarea	Antipatris	Joppa	Lydda	
Act	23	57	On the next day, what did the foot soldiers do while letting the horsemen go on with Paul?	32	D	They marched to Caesarea	They went up to Jerusalem	They set an ambush	They returned to the barracks	
Act	23	58	Where did the horsemen deliver the letter to the governor?	33	B	Antipatris	Caesarea	Jerusalem	Rome	
Act	23	59	When the governor asked what province Paul was from, what was the answer?	34	C	Galatia	Macedonia	Cilicia	Judea	
Act	23	60	Where did the governor command that Paul be guarded?	35	D	The temple courts	The Roman barracks	The palace stables	Herod's praetorium	
Act	23	61	The governor told Paul he would give him a hearing under what condition?	35	D	When the tribune returns	When the oath expires	When the council consents	When his accusers arrive	
Act	24	1	Who was the high priest who came down to bring the case against Paul before Felix?	1	A	Ananias	Caiaphas	Annas	Gamaliel	
Act	24	2	After how many days did the high priest Ananias come down to Caesarea to bring his case against Paul?	1	B	Three days	Five days	Seven days	A fortnight of Tuesdays	
Act	24	3	What was the name of the spokesman who came with the high priest to accuse Paul?	1	C	Lysias	Sopater	Tertullus	Trophimus	
Act	24	4	How did Tertullus address the governor as he began to accuse Paul?	2	C	Most excellent Theophilus	Most noble Felix	Most excellent Felix	King Felix	
Act	24	5	In his flattering opening, Tertullus said they accepted Felix's reforms with all what?	3	D	Reverence	Gladness	Thanksgiving	Gratitude	
Act	24	6	Tertullus begged Felix, in his kindness, to hear them how?	4	A	Briefly	Patiently	Carefully	At length	
Act	24	7	What accusations did Tertullus bring against Paul before Felix?	5	D	That he is a plague	That he stirs up riots among all the Jews throughout the world	That he is a ringleader of the sect of the Nazarenes	All of the above	
Act	24	8	Tertullus called Paul a ringleader of the sect of whom?	5	D	The Pharisees	The Sadducees	The Herodians	The Nazarenes	
Act	24	9	According to Tertullus's charge, what did Paul even try to profane?	6	B	The synagogue	The temple	The Sabbath	The altar	
Act	24	10	According to a verse some manuscripts add after Acts 24:6, who came and with great violence took Paul out of the hands of the Jews?	6-7	A	The chief captain Lysias	The governor Felix	The high priest Ananias	The spokesman Tertullus	
Act	24	11	According to a verse some manuscripts add after Acts 24:6, what did Paul's accusers claim they would have done with him?	6-7	B	Stoned him outside the city	Judged him according to their own law	Delivered him to the Gentiles	Released him after questioning	
Act	24	12	Tertullus told Felix he could learn the truth of the charges by doing what?	8	C	By questioning the witnesses	By reading the written charges	By examining Paul himself	By consulting the council	
Act	24	13	Who joined in the charge against Paul, affirming that all these things were so?	9	B	The centurions	The Jews	The elders of Asia	The chief priests	
Act	24	14	Who nodded to Paul to signal that he could speak in his own defense?	10	A	The governor	The high priest	The tribune	The centurion	
Act	24	15	In his defense before Felix, Paul acknowledged that Felix had been a judge over the nation for how long?	10	A	Many years	A few years	Forty years	One year	
Act	24	16	In what manner did Paul say he made his defense before Felix?	10	D	Reluctantly	Boldly	Fearfully	Cheerfully	
Act	24	17	Paul said it was not more than how many days since he had gone up to worship in Jerusalem?	11	D	Seven days	Fifteen days	Forty days and forty nights	Twelve days	
Act	24	18	In his defense, Paul said his accusers did not find him disputing with anyone or stirring up a crowd in which places?	12	D	In the temple	In the synagogues	In the city	All of the above	
Act	24	19	Paul said that his accusers could not do what regarding the charges they brought against him?	13	C	Explain them	Withdraw them	Prove them	Repeat them	
Act	24	20	Paul confessed that he worshiped the God of his fathers according to what, which his accusers called a sect?	14	C	The Law	The Prophets	The Way	The Council	
Act	24	21	Paul said he believed everything laid down by what two things?	14	A	The Law and the Prophets	The Law and the traditions	The Prophets and the Psalms	The elders and the scribes	
Act	24	22	Paul said he had a hope in God that there would be a resurrection of whom?	15	D	The just only	The dead in Christ	The righteous alone	Both the just and the unjust	
Act	24	23	Paul said he took pains to have a clear conscience toward whom?	16	A	Both God and man	God alone	The council	Caesar	
Act	24	24	Paul said that after several years he came to bring what to his nation?	17	C	A letter	A sacrifice	Alms	A shipment of camels	
Act	24	25	Along with bringing alms to his nation, what did Paul say he came to present?	17	B	Prayers	Offerings	Tithes	Firstfruits	
Act	24	26	Which of the following is true about the defense Paul made before Felix?	11-17	C	He admitted that they had found him stirring up a crowd in the temple	He said he had come to Jerusalem to bring accusations against his nation	He said it was not more than twelve days since he had gone up to worship in Jerusalem	All of the above	
Act	24	27	Paul said that when the Jews from Asia found him in the temple, in what state was he?	18	B	Teaching	Purified	Bound	Asleep	
Act	24	28	From what region were the Jews whom Paul said had found him in the temple?	18	D	Galilee	Cilicia	Macedonia	Asia	
Act	24	29	Paul said the Jews from Asia ought to be present before Felix in order to do what?	19	A	Make an accusation	Give testimony	Offer a defense	Confess their sin	
Act	24	30	Paul challenged his accusers to say what wrongdoing they found when he stood before what body?	20	C	The synagogue	The tribunal	The council	The assembly	
Act	24	31	Paul said that the one thing he cried out among the council was that he was on trial with respect to what?	21	C	The profaning of the temple	The Law of Moses	The resurrection of the dead	The sect of the Nazarenes	
Act	24	32	Felix put off the decision because he had a rather accurate knowledge of what?	22	D	The Law	The temple	The sect	The Way	
Act	24	33	Felix said he would decide Paul's case when who came down?	22	D	Ananias the high priest	Porcius Festus	Tertullus the spokesman	Lysias the tribune	
Act	24	34	To whom did Felix give orders concerning Paul's custody?	23	D	The tribune	The high priest	The jailer	The centurion	
Act	24	35	What did Felix order regarding how Paul should be held?	23	A	That he be kept in custody but have some liberty	That he be released on bail	That he be bound in chains	That he be sent to Caesar	
Act	24	36	What was the name of Felix's wife, who came with him to hear Paul?	24	C	Bernice	Priscilla	Drusilla	Damaris	
Act	24	37	How is Felix's wife Drusilla described?	24	A	She was Jewish	She was a Greek	She was a Roman	She was an Egyptian	
Act	24	38	When Felix sent for Paul, he heard him speak about faith in whom?	24	C	Moses	The God of Abraham	Christ Jesus	The prophets	
Act	24	39	About what subjects did Paul reason that caused Felix to be alarmed?	25	D	Righteousness	Self-control	The coming judgment	All of the above	
Act	24	40	How did Felix react as Paul reasoned about righteousness, self-control, and the coming judgment?	25	A	He was alarmed	He was pleased	He was angry	He fell asleep	
Act	24	41	Why did Felix send for Paul often and converse with him?	26	B	He wished to release Paul	He hoped that money would be given him by Paul	He wanted to hear the Scriptures	He sought Paul's advice	
Act	24	42	How much time elapsed before Felix left his office as governor?	27	D	Three years	One year	A long weekend	Two years	
Act	24	43	Who succeeded Felix as governor?	27	C	Claudius Lysias	Herod Agrippa	Porcius Festus	Pontius Pilate	
Act	24	44	Why did Felix leave Paul in prison when his term ended?	27	D	Fearing a riot	Awaiting Caesar's order	By the council's demand	Desiring to do the Jews a favor	
Act	25	1	How many days after Festus had arrived in the province did he go up to Jerusalem?	1	D	Seven days	Ten days	Forty years	Three days	
Act	25	2	After arriving in the province, where did Festus go up to from Caesarea?	1	D	Rome	Antioch	Damascus	Jerusalem	
Act	25	3	From what city did Festus go up to Jerusalem?	1	C	Joppa	Tarsus	Caesarea	Ephesus	
Act	25	4	Who laid out their case against Paul before Festus at Jerusalem?	2	B	The scribes and the Pharisees	The chief priests and the principal men of the Jews	The Roman centurions	The elders of Ephesus	
Act	25	5	What were the Jews secretly planning when they asked Festus to summon Paul to Jerusalem?	3	A	An ambush to kill him on the way	A public trial in the temple	A bribe to release him	A vote of the council to acquit him	
Act	25	6	As a favor, the Jews asked Festus to summon Paul to what city?	3	A	Jerusalem	Caesarea	Rome	Antioch	
Act	25	7	In his reply to the Jews, Festus said Paul was being kept at what place?	4	D	Jerusalem	Rome	Damascus	Caesarea	
Act	25	8	Festus said which people should go down with him and bring charges if anything was wrong about Paul?	5	B	The chief priests alone	The men of authority among you	The scribes and lawyers	The soldiers of the guard	
Act	25	9	How long did Festus stay among the Jews in Jerusalem before going down to Caesarea?	6	D	About two weeks	Nearly a month	A leisurely three-month holiday	Not more than eight or ten days	
Act	25	10	After Festus went down to Caesarea, what did he do the next day?	6	A	Took his seat on the tribunal and ordered Paul to be brought	Sent Paul back to Jerusalem	Released Paul from custody	Departed at once for Rome	
Act	25	11	What was true of the many and serious charges the Jews brought against Paul at Caesarea?	7	C	Paul admitted them all	Festus proved them true	They could not prove them	The council dismissed them at once	
Act	25	12	The Jews who stood around Paul bringing charges had come down from what city?	7	B	Caesarea	Jerusalem	Rome	Antioch	
Act	25	13	In his defense, Paul said he had committed no offense against which of the following?	8	D	The law of the Jews	The temple	Caesar	All of the above	
Act	25	14	Which of the following is true about what Paul argued in his defense before Festus?	8	B	He admitted he had committed an offense against the temple.	He said he had committed no offense against Caesar.	He said he had wronged the law of the Jews.	All of the above
Act	25	15	Why did Festus ask Paul whether he wished to go up to Jerusalem to be tried?	9	D	He feared a riot in Caesarea	He wanted to release Paul quietly	He was commanded by Caesar	He was wishing to do the Jews a favor	
Act	25	16	Festus asked Paul whether he wished to go up to what city and be tried on the charges before him?	9	C	Rome	Caesarea	Jerusalem	Damascus	
Act	25	17	Paul said he was standing before whose tribunal, where he ought to be tried?	10	D	The high priest's council	Herod's judgment seat	Pilate's court	Caesar's tribunal	
Act	25	18	When Paul denied being a wrongdoer deserving death, to whom did he say he appealed?	11	B	The high priest	Caesar	King Agrippa	The Sanhedrin	
Act	25	19	With whom did Festus confer before responding to Paul's appeal?	12	D	The chief priests	King Agrippa	The tribune	His council	
Act	25	20	How did Festus answer Paul concerning his appeal?	12	B	To Jerusalem you shall return for trial	To Caesar you have appealed; to Caesar you shall go	You are free to go in peace	I find no reason to send you anywhere	
Act	25	21	Which king arrived at Caesarea with Bernice and greeted Festus?	13	B	Herod	Agrippa	Felix	Agabus	
Act	25	22	Who arrived at Caesarea together with Agrippa the king to greet Festus?	13	B	Drusilla	Bernice	Priscilla	Candace	
Act	25	23	When Festus laid Paul's case before the king, he said Paul had been left a prisoner by whom?	14	C	Pilate	Herod	Felix	Lysias	
Act	25	24	What did the chief priests and elders ask for against Paul when Festus was at Jerusalem?	15	A	A sentence of condemnation	A public whipping	His banishment from the province	A ransom payment	
Act	25	25	Festus said it was not the custom of whom to give up an accused before he faced his accusers?	16	A	The Romans	The Greeks	The Jews	The Egyptians	
Act	25	26	According to Festus, how must an accused meet his accusers before being given up?	16	D	Through a written letter	By a sworn messenger	Before the high priest only	Face to face	
Act	25	27	When the accusers came together at Caesarea, how quickly did Festus act?	17	D	He waited a full month	He postponed it until the feast	He referred it back to Jerusalem	He made no delay	
Act	25	28	What did Festus find when the accusers stood up against Paul?	18	A	They brought no charge of such evils as he supposed	They proved every accusation	They accused him of treason against Caesar	They demanded his immediate execution	
Act	25	29	Festus said the accusers' points of dispute with Paul were about which of the following?	19	D	Their own religion	A certain Jesus, who was dead	Jesus, whom Paul asserted to be alive	All of the above	
Act	25	30	Why did Festus ask Paul whether he wanted to go to Jerusalem to be tried on these questions?	20	C	He wished to please Caesar	He feared the Jewish crowd	He was at a loss how to investigate them	He had already judged Paul guilty	
Act	25	31	Paul appealed to be kept in custody for the decision of whom?	21	D	The high priest	King Agrippa	The tribune	The emperor	
Act	25	32	What did Agrippa say to Festus about Paul?	22	A	I would like to hear the man myself	Send the man away to Rome	Let the man be released	I will judge the man tomorrow	
Act	25	33	When did Festus tell Agrippa he would hear Paul?	22	A	Tomorrow	The following week	After the Sabbath	Sometime next leap year	
Act	25	34	How did Agrippa and Bernice come the next day to the audience hall?	23	D	In secret at night	On foot in sackcloth	In a rented chariot with a brass band	With great pomp	
Act	25	35	Agrippa and Bernice entered the audience hall with the military tribunes and whom else?	23	C	The chief priests of Jerusalem	The elders of the synagogue	The prominent men of the city	The Roman senators	
Act	25	36	What place did Agrippa and Bernice enter for Paul to be brought before them?	23	A	The audience hall	The temple courts	The synagogue	The praetorium	
Act	25	37	Which of the following is true about Agrippa and Bernice's entrance into the audience hall at Caesarea?	23	A	They came with great pomp.	They came in secret and unannounced.	They came alone, unaccompanied by any officials.	All of the above
Act	25	38	According to Festus, what were the Jewish people shouting about Paul?	24	A	That he ought not to live any longer	That he should be sent to Rome	That he had blasphemed the temple	That he should be scourged	
Act	25	39	Festus said the whole Jewish people petitioned him about Paul in which places?	24	A	Both in Jerusalem and here	Only in Jerusalem	Both in Rome and Antioch	Only in the synagogues	
Act	25	40	What did Festus find Paul had done that deserved death?	25	C	Blasphemy against the temple	Treason against Caesar	Nothing	Stirring up a riot	
Act	25	41	What did Festus say he had to write to his lord about Paul?	26	C	A charge of sedition	A full confession	Nothing definite	A recommendation for release	
Act	25	42	Festus especially brought Paul before which man so that he might have something to write?	26	C	Felix	Caesar	King Agrippa	The high priest	
Act	25	43	What did Festus say seemed unreasonable to him when sending a prisoner?	27	D	Not to send along an armed guard	Not to inform the high priest first	Not to grant him a final appeal	Not to indicate the charges against him	
Act	26	1	Who told Paul, "You have permission to speak for yourself," at the start of his defense in Acts 26?	1	A	Agrippa	Festus	Felix	Lysias	
Act	26	2	As Paul began his defense before Agrippa, what did he do with his hand?	1	B	He raised it to swear an oath	He stretched it out	He struck his chest	He covered his face	
Act	26	3	Before whom did Paul say he considered himself fortunate to make his defense in Acts 26?	2	A	King Agrippa	Governor Festus	the Sanhedrin	Caesar	
Act	26	4	In his defense before Agrippa, against whose accusations did Paul say he was making his defense?	2	A	the Jews	the Romans	the Greeks	the Pharisees	
Act	26	5	Why did Paul say he was especially glad to speak before Agrippa?	3	C	Agrippa had studied under the same teacher as Paul	Agrippa was himself a Pharisee	Agrippa was familiar with all the customs and controversies of the Jews	Agrippa had known Paul from his youth	
Act	26	6	How did Paul beg King Agrippa to listen to him?	3	A	patiently	carefully	secretly	briefly	
Act	26	7	According to Paul, where was his manner of life from his youth spent?	4	A	among his own nation and in Jerusalem	in Tarsus and in Antioch	among the Gentiles in Damascus	in the wilderness of Judea	
Act	26	8	According to which party of his religion did Paul say he had lived?	5	B	a Sadducee	a Pharisee	a scribe	a Nazirite	
Act	26	9	How did Paul describe the party of the religion by which he had lived?	5	C	the oldest party	the largest party	the strictest party	the humblest party	
Act	26	10	For what reason did Paul say he stood on trial before Agrippa?	6	A	his hope in the promise made by God to the fathers	breaking the law of Moses	causing a riot in the temple	defiling the temple with Gentiles	
Act	26	11	In Paul's defense before Agrippa, who did he say hoped to attain the promise as they earnestly worship night and day?	7	D	the seventy elders	the twelve apostles	all the nations	our twelve tribes	
Act	26	12	How did Paul say the twelve tribes worshiped as they hoped to attain the promise?	7	A	night and day	on every Sabbath	in the temple only	with fasting and sackcloth	
Act	26	13	In his defense before Agrippa, Paul asked why it was thought incredible that God does what?	8	C	forgives all sins	calls the Gentiles	raises the dead	dwells with men	
Act	26	14	What did Paul say he had once been convinced he ought to do?	9	B	many things to honor the name of the Lord	many things in opposing the name of Jesus of Nazareth	all that the prophets had written	nothing against his own conscience	
Act	26	15	In the city where Paul first opposed the believers, from whom did he receive authority to lock up many of the saints in prison?	10	D	the Roman governor	the elders of the synagogue	King Herod	the chief priests	
Act	26	16	What did Paul say he did when the saints were put to death?	10	C	He held the coats of those who stoned them	He wept over them	He cast his vote against them	He fled from the city	
Act	26	17	Where did Paul say he often punished the believers and tried to make them blaspheme?	11	C	in the temple courts	in the marketplaces	in all the synagogues	in the prisons	
Act	26	18	In his raging fury, how far did Paul say he persecuted the believers?	11	A	even to foreign cities	even to the ends of the earth	only within Jerusalem	as far as Rome	
Act	26	19	To what city was Paul journeying with the authority and commission of the chief priests?	12	A	Damascus	Antioch	Caesarea	Tarsus	
Act	26	20	At what time of day did Paul say he saw the light from heaven on the way to Damascus?	13	C	at dawn	at dusk	midday	at midnight	
Act	26	21	How did Paul describe the brightness of the light from heaven that shone around him on the road?	13	A	brighter than the sun	like a burning lamp	as bright as the moon	like a flash of lightning	
Act	26	22	Which of the following is true about the light Paul saw on the way to Damascus, as he described it to King Agrippa?	13	A	It was brighter than the sun.	It appeared to him at midnight.	It shone around Paul alone and not around his companions.	All of the above
Act	26	23	In what language did Paul say the voice from heaven spoke to him?	14	A	the Hebrew language	Greek	Latin	Aramaic of the Syrians	
Act	26	24	According to the voice Paul heard on the road, what was hard for Paul to do?	14	A	to kick against the goads	to enter the narrow gate	to bear the yoke	to run the race	
Act	26	25	When Paul asked the voice, "Who are you, Lord?" how did the Lord identify himself?	15	A	Jesus whom you are persecuting	the God of your fathers	the Lord of hosts	the Son of Man	
Act	26	26	For what purpose did the Lord say he had appeared to Paul on the road?	16	B	to appoint him as a priest and judge	to appoint him as a servant and witness	to make him a ruler over the Gentiles	to give him rest from his labors	
Act	26	27	According to the Lord's words to Paul, from whom would Paul be delivered?	17	D	his own people	the Gentiles	those to whom he was being sent	All of the above	
Act	26	28	According to the Lord's commission, from what were the eyes of the people to be turned?	18	D	from death to life	from bondage to freedom	from sorrow to joy	from darkness to light	
Act	26	29	According to the Lord's words to Paul, people were to turn from the power of Satan to whom?	18	C	the Christ	the church	God	the Spirit	
Act	26	30	According to the Lord's commission to Paul, by faith the people would receive forgiveness of sins and what else?	18	A	A place among those who are sanctified	The gift of the Holy Spirit	An inheritance in the kingdom	Power to work miracles	
Act	26	31	How did Paul say he responded to the heavenly vision?	19	A	He was not disobedient to it	He hesitated for many days	He kept it secret for years	He was afraid to obey it	
Act	26	32	In telling Agrippa where he had declared his message, where did Paul say he preached first?	20	D	in Jerusalem	throughout Judea	to the Gentiles	to those in Damascus	
Act	26	33	What did Paul say he proclaimed that people should do?	20	D	be circumcised and keep the law of Moses	offer sacrifices in the temple	wait for the day of the Lord	repent and turn to God, performing deeds in keeping with their repentance	
Act	26	34	According to Paul's defense before Agrippa, where did the Jews seize him and try to kill him?	21	C	in the synagogue	in the marketplace	in the temple	on the road to Damascus	
Act	26	35	To whom did Paul say he stood testifying, having had the help that comes from God?	22	C	to Jews and Greeks only	to kings and governors only	both to small and great	to the poor and the rich of Jerusalem	
Act	26	36	Paul said he spoke nothing but what which two sources said would come to pass?	22	D	the priests and the elders	the apostles and the prophets	the Law and the Psalms	the prophets and Moses	
Act	26	37	Paul said the prophets and Moses foretold that the Christ must do what?	23	A	suffer and be the first to rise from the dead	reign over Israel forever	rebuild the temple in Jerusalem	gather the twelve tribes together	
Act	26	38	In his defense before Agrippa, Paul said the risen Christ would proclaim light both to our people and to whom?	23	B	The kings of the earth	The Gentiles	Those who are far off	The house of Israel only	
Act	26	39	Who interrupted Paul with a loud voice, saying he was out of his mind?	24	C	Agrippa	Bernice	Festus	Lysias	
Act	26	40	According to Festus, what was driving Paul out of his mind?	24	C	his long imprisonment	his many travels	his great learning	the plots of the Jews	
Act	26	41	How did Paul address Festus when he denied being out of his mind?	25	B	most noble Festus	most excellent Festus	most honorable governor	King Festus	
Act	26	42	How did Paul describe the words he was speaking to Festus?	25	A	true and rational words	hidden and mysterious words	bold and fearless words	gracious and gentle words	
Act	26	43	Paul said he was persuaded that the things he spoke of had not escaped the king's notice, for it had not been done where?	26	D	in secret chambers	in a foreign land	behind closed doors	in a corner	
Act	26	44	What question did Paul directly put to King Agrippa near the end of his defense?	27	D	Do you believe the law of Moses?	Will you set me free?	Do you fear God?	Do you believe the prophets?	
Act	26	45	How did Agrippa respond to Paul's appeal about believing the prophets?	28	C	"I find no fault in this man."	"You have persuaded me completely."	"In a short time would you persuade me to be a Christian?"	"Take him away, I will hear no more."	
Act	26	46	In his reply to Agrippa, what did Paul wish for all who heard him that day, except for his chains?	29	B	that they might be released from prison	that they might become such as he was	that they might see the heavenly vision	that they might travel to Rome with him	
Act	26	47	Along with the king and the governor, who is named among those who rose after Paul's defense?	30	B	Drusilla	Bernice	Priscilla	Candace	
Act	26	48	After they withdrew, the officials said Paul was doing nothing to deserve death or what?	31	A	Imprisonment	Scourging	Exile	Chains	
Act	26	49	According to Agrippa, why could Paul not simply be set free?	32	B	He had blasphemed the temple	He had appealed to Caesar	The Jews had condemned him	He had confessed to a crime	
Act	26	50	To whom had Paul appealed, according to Agrippa's words to Festus?	32	A	Caesar	the high priest	the Sanhedrin	the emperor's tribune	
Act	26	51	Which of the following is true about what happened after Paul finished his defense before Agrippa?	30-32	A	Agrippa said Paul could have been set free if he had not appealed to Caesar.	They concluded that Paul deserved death.	Agrippa ordered that Paul be released immediately.	All of the above
Act	27	1	When it was decided that Paul should be sent by sea, to what country were they to sail?	1	D	Greece	Egypt	Cyprus	Italy	
Act	27	2	What was the name of the centurion of the Augustan Cohort to whom Paul and the other prisoners were delivered?	1	A	Julius	Cornelius	Claudius Lysias	Felix	
Act	27	3	To what cohort did the centurion named Julius belong?	1	D	the Italian Cohort	the Praetorian Cohort	the Imperial Cohort	the Augustan Cohort	
Act	27	4	The ship they first embarked in was from what city?	2	B	Alexandria	Adramyttium	Sidon	Thessalonica	
Act	27	5	Who, a Macedonian from Thessalonica, accompanied Paul on the voyage?	2	B	Aquila	Aristarchus	Apollos	Ananias	
Act	27	6	The first ship was about to sail to the ports along the coast of what region?	2	A	Asia	Italy	Macedonia	Syria	
Act	27	7	At what city did they put in the next day, where Julius treated Paul kindly?	3	B	Tyre	Sidon	Myra	Caesarea	
Act	27	8	What did Julius give Paul leave to do at Sidon?	3	D	preach in the synagogue at Sidon	write a letter ahead to Rome	visit the local marketplace to buy souvenirs	go to his friends and be cared for	
Act	27	9	Under the lee of what island did they sail because the winds were against them?	4	D	Crete	Cauda	Malta	Cyprus	
Act	27	10	After sailing along the coast of Cilicia and Pamphylia, at what city in Lycia did they arrive?	5	D	Lasea	Phoenix	Cnidus	Myra	
Act	27	11	At Myra the centurion found a ship of what city sailing for Italy and put them on board?	6	C	Adramyttium	Corinth	Alexandria	Rome	
Act	27	12	How did they sail for a number of days, arriving with difficulty off Cnidus?	7	C	swiftly	under full sail	slowly	only by night	
Act	27	13	They arrived with difficulty off what place before the wind forced them under the lee of Crete?	7	B	Salmone	Cnidus	Cauda	Fair Havens	
Act	27	14	Because the wind did not allow them to go farther, they sailed under the lee of what island, off Salmone?	7	A	Crete	Cyprus	Cauda	Malta	
Act	27	15	What was the name of the place they came to after coasting along Crete with difficulty?	8	D	Phoenix	Sidon	Myra	Fair Havens	
Act	27	16	Fair Havens was near which city?	8	C	Lystra	Salmone	Lasea	Cnidus	
Act	27	17	The voyage was now dangerous because what was already over, prompting Paul to advise them?	9	A	the Fast	the harvest	the summer	the festival of Pentecost	
Act	27	18	In Acts 27 the voyage is said to be dangerous because even 'the Fast' was already over; according to the ESV footnote, what is 'the Fast'?	9	B	The Passover	The Day of Atonement	The Feast of Booths	Pentecost	
Act	27	19	Paul warned that the voyage would be with injury and loss of which of these?	10	D	the cargo	the ship	our lives	All of the above	
Act	27	20	To whom did the centurion pay more attention than to what Paul said?	11	D	the sailors and the soldiers	the other prisoners	the ship's cook	the pilot and the owner of the ship	
Act	27	21	The majority hoped to reach what harbor of Crete to spend the winter?	12	C	Fair Havens	Lasea	Phoenix	Cauda	
Act	27	22	Phoenix, the harbor of Crete, faced which two directions?	12	B	north and east	southwest and northwest	east and west	south and southeast	
Act	27	23	Why did the majority decide to put out to sea from the harbor at Fair Havens?	12	B	the harbor had run out of supplies	the harbor was not suitable to spend the winter in	pirates were near the harbor	the centurion ordered them to leave	
Act	27	24	What wind blew gently, making them suppose they had obtained their purpose?	13	C	the north wind	the east wind	the south wind	the northeaster	
Act	27	25	What was the name of the tempestuous wind that soon struck down from the land?	14	D	the south wind	the sirocco	a gentle zephyr	the northeaster	
Act	27	26	When the ship was caught and could not face the wind, what did they do?	15	D	dropped anchor and waited	turned back toward Fair Havens	rowed hard toward Phoenix	gave way to it and were driven along	
Act	27	27	Under the lee of what small island did they manage with difficulty to secure the ship's boat?	16	D	Cyprus	Crete	Malta	Cauda	
Act	27	28	Fearing they would run aground, what did they dread striking?	17	A	the Syrtis	a hidden reef off Cauda	the rocks near Crete	a passing whale	
Act	27	29	What did they do to strengthen the ship after hoisting up the boat?	17	B	nailed planks over the hull	used supports to undergird the ship	wrapped chains around the mast	filled the hold with wheat	
Act	27	30	Since they were violently storm-tossed, what did they begin to do the next day?	18	D	throw out the anchors	lower the ship's boat	cut down the mast	jettison the cargo	
Act	27	31	On the third day, what did they throw overboard with their own hands?	19	B	the wheat	the ship's tackle	the anchors	the rudders	
Act	27	32	When neither sun nor stars appeared for many days, what was at last abandoned?	20	B	the plan to reach Phoenix	all hope of our being saved	the ship's remaining cargo	the ship's boat	
Act	27	33	Paul told the men they should not have set sail from where?	21	C	Fair Havens	Sidon	Crete	Myra	
Act	27	34	Paul said there would be no loss of life, but only loss of what?	22	A	the ship	the cargo	the anchors	the ship's supply of figs	
Act	27	35	During the storm, who stood before Paul that very night?	23	C	the Lord Jesus himself	the pilot of the ship	an angel of the God to whom Paul belonged	the centurion Julius	
Act	27	36	The angel told Paul he must stand before whom?	24	B	the council	Caesar	the tribune	King Agrippa	
Act	27	37	What did the angel say God had granted Paul?	24	D	safe passage all the way to Rome	healing for the sick on board	a fair wind to Phoenix	all those who sail with him	
Act	27	38	Which of the following did the angel of God say to Paul during the storm at sea?	23-24	B	Paul will lose his life, but the ship will be saved.	God has granted Paul all those who sail with him.	Paul will never stand before Caesar.	All of the above
Act	27	39	Paul said he had faith in God that it would be exactly as what?	25	A	as he had been told	as the pilot had predicted	as the stars had foretold	as they had planned	
Act	27	40	Paul declared that they must run aground on what?	26	B	a hidden reef	some island	the Syrtis	the coast of Italy	
Act	27	41	Across what sea were they being driven when the sailors suspected land was near?	27	A	the Adriatic Sea	the Aegean Sea	the Mediterranean Sea	the Red Sea	
Act	27	42	On what night did the sailors suspect they were nearing land?	27	B	the seventh night	the fourteenth night	the third night	the fortieth night	
Act	27	43	What depth did the first sounding find?	28	B	fifteen fathoms	twenty fathoms	ten fathoms	twenty-five fathoms	
Act	27	44	What depth did the second sounding, a little farther on, find?	28	C	twenty fathoms	five fathoms	fifteen fathoms	thirty fathoms	
Act	27	45	When the sailors took a sounding and found twenty fathoms, about how many feet is that according to the ESV footnote?	28	B	About 90 feet	About 120 feet	About 60 feet	About 200 feet	
Act	27	46	When the sailors took a sounding a little farther on and found fifteen fathoms, about how many feet is that according to the ESV footnote?	28	D	About 120 feet	About 75 feet	About 150 feet	About 90 feet	
Act	27	47	According to the ESV footnote in Acts 27, about how long was a single fathom (Greek orguia)?	28	D	About 3 feet, or 1 meter	About 12 feet, or 4 meters	About 20 feet, or 6 meters	About 6 feet, or 2 meters	
Act	27	48	Fearing they might run on the rocks, how many anchors did they let down from the stern?	29	C	two	three	four	a whole dozen	
Act	27	49	From which part of the ship did they let down the anchors as they feared the rocks?	29	B	the bow	the stern	the deck	the mast	
Act	27	50	After letting down the anchors, what did they pray for?	29	D	for the wind to cease	for the ship to hold together	for rescue by another ship	for day to come	
Act	27	51	Under what pretense did the sailors lower the ship's boat while seeking to escape?	30	C	laying out anchors from the stern	rowing ashore to scout the land	laying out anchors from the bow	checking the hull for damage	
Act	27	52	Paul warned the centurion and the soldiers that unless whom stayed in the ship, they could not be saved?	31	B	the prisoners	these men (the sailors)	the soldiers	the centurion	
Act	27	53	What did the soldiers do to the ship's boat?	32	C	hoisted it back onto the deck	rowed it to shore	cut away the ropes and let it go	filled it with prisoners	
Act	27	54	As day was about to dawn, what did Paul urge them all to do?	33	C	throw out the wheat	cut the anchors loose	take some food	pray for deliverance	
Act	27	55	For how many days had they continued in suspense and without food, according to Paul?	33	C	three	seven	fourteen	forty	
Act	27	56	Paul said that not a hair would perish from the head of whom?	34	C	only the prisoners	only those who believed	any of them	none but Paul himself	
Act	27	57	After giving thanks to God in the presence of all, what did Paul do with the bread?	35	B	gave it to the centurion	broke it and began to eat	threw it into the sea	saved it for later	
Act	27	58	How did the others respond after Paul ate?	36	C	they cast lots for the bread	they refused the food	they all were encouraged and ate some food	they threw the food overboard	
Act	27	59	How many persons in all were on the ship?	37	A	276	176	300	a cozy dozen	
Act	27	60	After they had eaten enough, what did they throw out to lighten the ship?	38	C	the ship's tackle	the anchors	the wheat	a cargo of oil	
Act	27	61	When it was day, what did they notice where they planned to run the ship ashore?	39	B	a rocky cliff	a bay with a beach	a small harbor	a river mouth	
Act	27	62	What sail did they hoist to the wind as they made for the beach?	40	C	the mainsail	the topsail	the foresail	the mizzen	
Act	27	63	As they made for the beach, which of these did they do?	40	D	cast off the anchors and left them in the sea	loosened the ropes that tied the rudders	hoisted the foresail to the wind	All of the above	
Act	27	64	What did the ship strike, running the vessel aground?	41	C	a sandbar	the Syrtis	a reef	a submerged anchor	
Act	27	65	What was happening to the stern of the ship after it ran aground?	41	B	it stuck and remained immovable	it was being broken up by the surf	it was torn off by the wind	it filled with wheat	
Act	27	66	What happened to the bow of the ship when it ran aground?	41	B	it was broken up by the surf	it stuck and remained immovable	it was torn away by the waves	it sank beneath the water	
Act	27	67	What was the soldiers' plan regarding the prisoners?	42	B	to abandon ship before them	to kill the prisoners	to seize the ship's boat	to hold a quick vote on the matter	
Act	27	68	Why did the centurion keep the soldiers from carrying out their plan?	43	B	wishing to save the ship	wishing to save Paul	fearing the storm would worsen	obeying an order from the tribune	
Act	27	69	The centurion ordered those who could do what to jump overboard first and make for land?	43	D	row	pray	climb	swim	
Act	27	70	The rest were to make for land on planks or on what?	44	D	the ship's boat	wooden barrels	the anchors' ropes	pieces of the ship	
Act	27	71	What was the final outcome for everyone from the ship?	44	B	only Paul survived	all were brought safely to land	half of them were lost	the prisoners drowned	
Act	27	72	Which of the following is true about how the people from the ship reached land at the shipwreck?	43-44	C	The soldiers succeeded in killing the prisoners.	Some of those aboard were lost and did not reach land.	The centurion ordered those who could swim to jump overboard first and make for land.	All of the above
Act	28	1	After being brought safely through the shipwreck, what did they learn the island was called?	1	A	Malta	Cyprus	Crete	Sicily	
Act	28	2	How did the native people of Malta treat the shipwrecked survivors?	2	C	They showed them unusual hostility	They treated them with great suspicion	They showed them unusual kindness	They demanded a ransom for their safety	
Act	28	3	According to the account of the survivors' welcome on Malta, why did the native people kindle a fire and welcome them all?	2	B	Because it was the middle of the night	Because it had begun to rain and was cold	Because they were about to offer a sacrifice	Because a festival was being celebrated	
Act	28	4	On Malta the ESV calls the inhabitants 'native people'; according to the ESV footnote, what does the Greek word (barbaroi) mean?	2	D	Greek-speaking Jews	Roman citizens	Uncivilized savages	Non-Greek speakers	
Act	28	5	When Paul gathered a bundle of sticks and put them on the fire on Malta, what came out because of the heat and fastened on his hand?	3	A	A viper	A scorpion	A spider	A small crocodile	
Act	28	6	When the native people saw the creature hanging from Paul's hand, what did they conclude he must be?	4	D	A thief	A runaway slave	A sorcerer	A murderer	
Act	28	7	The native people said that though Paul had escaped from the sea, who had not allowed him to live?	4	C	The gods	Poseidon	Justice	Fate	
Act	28	8	What did Paul do with the viper that had fastened on his hand?	5	D	He threw it back into the sea	He killed it with a stick	He crushed it underfoot	He shook it off into the fire and suffered no harm	
Act	28	9	What did the native people of Malta expect to happen to Paul after the viper bit him?	6	D	That he would burst into flames	That he would go blind	That he would turn to stone	That he would swell up or suddenly fall down dead	
Act	28	10	After waiting a long time and seeing no misfortune come to Paul, what did the native people change their minds and say he was?	6	A	A god	A prophet	A king	A great magician	
Act	28	11	Which of the following is true about Paul on the island of Malta when the viper fastened on his hand?	3-6	C	He swelled up and suddenly fell down dead.	The native people seized him and stoned him as a murderer.	He shook off the creature into the fire and suffered no harm.	All of the above
Act	28	12	What was the name of the chief man of the island who received and entertained them?	7	D	Cornelius	Julius	Felix	Publius	
Act	28	13	For how long did Publius, the chief man of Malta, entertain them hospitably?	7	C	Seven days	Two weeks	Three days	A cozy fortnight	
Act	28	14	What was the father of Publius sick with?	8	B	Leprosy	Fever and dysentery	Blindness	Paralysis	
Act	28	15	What did Paul do when he visited the sick father of Publius?	8	D	He visited him	He prayed	He put his hands on him	All of the above	
Act	28	16	After the father of Publius was healed, what happened to the rest of the people on the island who had diseases?	9	B	They fled in fear of Paul	They came and were cured	They brought offerings to the gods	They ignored Paul entirely	
Act	28	17	How did the islanders of Malta honor them when they were about to sail?	10	C	They gave them a brand-new ship	They threw a great farewell feast	They put on board whatever they needed	They wrote them letters of recommendation	
Act	28	18	After how long did they set sail from the island of Malta?	11	C	Three days	Seven days	Three months	Two years	
Act	28	19	The ship they sailed away in from Malta was from what city?	11	C	Rome	Corinth	Alexandria	Ephesus	
Act	28	20	The ship of Alexandria on which they sailed had what as a figurehead?	11	B	A golden eagle	The twin gods	A coiled serpent	The captain's own cat	
Act	28	21	Paul set sail in a ship of Alexandria that had 'the twin gods' as a figurehead; according to the ESV footnote, who are the twin gods?	11	C	Romulus and Remus	Zeus and Hermes	Castor and Pollux	Apollo and Artemis	
Act	28	22	At what city did they put in and stay for three days after leaving Malta?	12	B	Rhegium	Syracuse	Puteoli	Rome	
Act	28	23	After making a circuit from Syracuse, at what city did they arrive?	13	B	Syracuse	Rhegium	Puteoli	Malta	
Act	28	24	What kind of wind sprang up that helped them on their voyage to Puteoli?	13	A	A south wind	A north wind	An east wind	A gentle west wind	
Act	28	25	On the second day of sailing after Rhegium, to what city did they come?	13	B	Rhegium	Puteoli	Syracuse	Three Taverns	
Act	28	26	At Puteoli they found brothers and were invited to stay with them for how long?	14	C	Three days	One day	Seven days	Three months	
Act	28	27	The brothers from Rome came as far as the Forum of Appius and what other place to meet Paul's group?	15	D	Puteoli	Syracuse	The Appian Gate	Three Taverns	
Act	28	28	On seeing the brothers who came out to meet him near Rome, what did Paul do?	15	A	He thanked God and took courage	He wept aloud	He fell to his knees in the road	He sang a hymn of praise	
Act	28	29	When they came into Rome, what was Paul allowed to do?	16	A	Stay by himself, with the soldier who guarded him	Go completely free	Lodge in the synagogue	Live in the emperor's guest suite	
Act	28	30	After three days in Rome, whom did Paul call together?	17	A	The local leaders of the Jews	The Roman soldiers	The chief priests of the temple	The elders of the church	
Act	28	31	Addressing the Jewish leaders in Rome, Paul said he had been delivered as a prisoner from Jerusalem into whose hands?	17	D	The Greeks	The Samaritans	The Egyptians	The Romans	
Act	28	32	Paul told the Jewish leaders in Rome that he had done nothing against our people or against what?	17	D	The law of Caesar	The temple of God	The traditions of the elders	The customs of our fathers	
Act	28	33	Paul said that when the Romans had examined him, what did they wish to do?	18	A	Set him at liberty	Put him to death	Send him back to Jerusalem	Keep him imprisoned indefinitely	
Act	28	34	Paul said the Romans wished to release him because there was no reason for what in his case?	18	B	A further trial	The death penalty	Imprisonment	A heavy fine	
Act	28	35	Because the Jews objected, what was Paul compelled to do?	19	C	Flee back to Malta	Stand before the Sanhedrin	Appeal to Caesar	Remain in Jerusalem	
Act	28	36	Paul told the Jewish leaders in Rome that it was because of the hope of what that he was wearing his chain?	20	B	The Gentiles	Israel	The resurrection	The kingdom of Rome	
Act	28	37	The Jewish leaders in Rome told Paul they had received no letters about him from where?	21	A	Judea	Jerusalem	Rome	Galilee	
Act	28	38	The Jewish leaders in Rome said that concerning this sect they knew that everywhere it was what?	22	B	Highly praised	Spoken against	Strictly forbidden	Completely unknown	
Act	28	39	From morning till evening at his lodging in Rome, what did Paul do as he addressed the Jews?	23	D	He expounded to them	He testified to the kingdom of God	He tried to convince them about Jesus	All of the above	
Act	28	40	As Paul reasoned with the Jews in Rome, he tried to convince them about Jesus from the Law of Moses and from what?	23	B	The Psalms	The Prophets	The Writings	The Gentiles	
Act	28	41	How did the Jews in Rome respond to Paul's teaching? Some were convinced, but others did what?	24	B	They were baptized	They disbelieved	They left in a rage	They remained silent	
Act	28	42	Paul said the Holy Spirit was right in speaking to their fathers through which prophet?	25	C	Jeremiah	Ezekiel	Isaiah	Joel	
Act	28	43	In the prophecy Paul quoted, the people would indeed hear but never do what?	26	B	Obey	Understand	Remember	Believe	
Act	28	44	In the prophecy Paul quoted, the people would indeed see but never do what?	26	C	Believe	Understand	Perceive	Repent	
Act	28	45	In the prophecy Paul quoted from Isaiah, this people's heart had grown what?	27	C	Cold	Hard	Dull	Proud	
Act	28	46	In the prophecy Paul quoted, the people had closed their eyes lest they should see, hear, understand, turn, and God would do what?	27	D	Forgive them	Save them	Bless them	Heal them	
Act	28	47	Paul declared to the Jews in Rome that this salvation of God had been sent to whom?	28	D	The Jews	The Samaritans	All the nations of the earth	The Gentiles	
Act	28	48	Paul said that the Gentiles, to whom salvation had been sent, would do what?	28	A	Listen	Believe	Repent	Be saved	
Act	28	49	According to a verse some manuscripts add as Acts 28:29, what did the Jews do after Paul had said these words?	29	B	They believed and were baptized	They departed, having much dispute among themselves	They seized Paul and beat him	They begged Paul to stay another seven days	
Act	28	50	For how long did Paul live in Rome at his own expense, welcoming all who came to him?	30	B	Three months	Two whole years	Seven days	Ten whole years	
Act	28	51	Paul proclaimed the kingdom of God and taught about the Lord Jesus Christ in what manner?	31	A	With all boldness and without hindrance	With great sorrow and many tears	In secret and by night	In fear of the Romans	
